2025-10-23 18:55:52,652 - urllib3.connectionpool - DEBUG - Starting new HTTPS connection (1): api.avito.ru:443
2025-10-23 18:55:53,908 - urllib3.connectionpool - DEBUG - https://api.avito.ru:443 "POST /token/ HTTP/1.1" 200 169
2025-10-23 18:55:53,910 - AvitoAPI - INFO - Profile: 316615541. Token refreshed.
2025-10-23 18:55:54,087 - werkzeug - INFO - [31m[1mWARNING: This is a development server. Do not use it in a production deployment. Use a production WSGI server instead.[0m
 * Running on all addresses (0.0.0.0)
 * Running on http://127.0.0.1:5000
 * Running on http://10.2.0.2:5000
2025-10-23 18:55:54,088 - werkzeug - INFO - [33mPress CTRL+C to quit[0m
2025-10-23 18:55:54,088 - werkzeug - INFO -  * Restarting with stat
2025-10-23 18:55:54,924 - urllib3.connectionpool - DEBUG - Starting new HTTPS connection (1): api.avito.ru:443
2025-10-23 18:55:56,063 - urllib3.connectionpool - DEBUG - https://api.avito.ru:443 "POST /token/ HTTP/1.1" 200 101
2025-10-23 18:55:56,064 - AvitoAPI - INFO - Profile: 316615541. Token refreshed.
2025-10-23 18:55:56,084 - werkzeug - WARNING -  * Debugger is active!
2025-10-23 18:55:56,095 - werkzeug - INFO -  * Debugger PIN: 495-646-132
2025-10-23 18:56:14,367 - werkzeug - INFO - 127.0.0.1 - - [23/Oct/2025 18:56:14] "GET /?id=3cd39be2-f7fc-4202-9ffe-7fa6bf1a39b3&vscodeBrowserReqId=1761234974036 HTTP/1.1" 200 -
2025-10-23 18:56:14,615 - werkzeug - INFO - 127.0.0.1 - - [23/Oct/2025 18:56:14] "GET /socket.io/?EIO=4&transport=polling&t=PeHoFR9 HTTP/1.1" 200 -
2025-10-23 18:56:14,747 - __main__ - INFO - === get_job_applications: days=7, limit=100 ===
2025-10-23 18:56:14,748 - __main__ - INFO - Запрос откликов с датой: 2025-10-16
2025-10-23 18:56:14,751 - werkzeug - INFO - 127.0.0.1 - - [23/Oct/2025 18:56:14] "GET /api/auto-reply/status HTTP/1.1" 200 -
2025-10-23 18:56:14,754 - __main__ - INFO - === get_all_job_applications: days=30 ===
2025-10-23 18:56:14,755 - __main__ - INFO - Запрос ВСЕХ откликов с датой: 2025-09-23
2025-10-23 18:56:14,756 - __main__ - INFO - --- Страница 1 ---
2025-10-23 18:56:14,758 - __main__ - INFO - Запрос первой страницы откликов...
2025-10-23 18:56:14,758 - urllib3.connectionpool - DEBUG - Starting new HTTPS connection (2): api.avito.ru:443
2025-10-23 18:56:14,758 - urllib3.connectionpool - DEBUG - Starting new HTTPS connection (3): api.avito.ru:443
2025-10-23 18:56:14,761 - urllib3.connectionpool - DEBUG - Starting new HTTPS connection (4): api.avito.ru:443
2025-10-23 18:56:14,932 - __main__ - INFO - === api_chat_metrics ===
2025-10-23 18:56:14,932 - __main__ - INFO - Получение всех чатов через пагинацию...
2025-10-23 18:56:14,934 - urllib3.connectionpool - DEBUG - Starting new HTTPS connection (5): api.avito.ru:443
2025-10-23 18:56:15,035 - urllib3.connectionpool - DEBUG - https://api.avito.ru:443 "GET /core/v1/accounts/316615541/balance/ HTTP/1.1" 200 25
2025-10-23 18:56:15,037 - werkzeug - INFO - 127.0.0.1 - - [23/Oct/2025 18:56:15] "GET /api/balance HTTP/1.1" 200 -
2025-10-23 18:56:15,065 - werkzeug - INFO - 127.0.0.1 - - [23/Oct/2025 18:56:15] "POST /socket.io/?EIO=4&transport=polling&t=PeHoFUR&sid=OSEyjM0yT9bTzBosAAAA HTTP/1.1" 200 -
2025-10-23 18:56:15,349 - werkzeug - INFO - 127.0.0.1 - - [23/Oct/2025 18:56:15] "GET /socket.io/?EIO=4&transport=polling&t=PeHoFUV&sid=OSEyjM0yT9bTzBosAAAA HTTP/1.1" 200 -
2025-10-23 18:56:15,381 - werkzeug - INFO - 127.0.0.1 - - [23/Oct/2025 18:56:15] "GET /api/auto-reply/status HTTP/1.1" 200 -
2025-10-23 18:56:16,449 - urllib3.connectionpool - DEBUG - https://api.avito.ru:443 "GET /job/v1/applications/get_ids?limit=100&updatedAtFrom=2025-10-16 HTTP/1.1" 200 None
2025-10-23 18:56:16,450 - __main__ - INFO - Response type: <class 'requests.models.Response'>
2025-10-23 18:56:16,450 - urllib3.connectionpool - DEBUG - https://api.avito.ru:443 "GET /job/v1/applications/get_ids?limit=100&updatedAtFrom=2025-09-23 HTTP/1.1" 200 None
2025-10-23 18:56:16,450 - __main__ - INFO - Status code: 200
2025-10-23 18:56:16,451 - __main__ - INFO - Response text: {"applies":[{"created_at":"2025-10-23T16:18:17.701491+03:00","id":"68fa2b1a57335926a7446657","updated_at":"2025-10-23T13:38:12Z"},{"created_at":"2025-10-23T10:54:13.201817+03:00","id":"68f9df2557335926a7ea82e3","updated_at":"2025-10-23T10:31:58Z"},{"created_at":"2025-10-23T10:16:09.808908+03:00","id":"68f9d63a57335926a7a63d00","updated_at":"2025-10-23T09:25:44Z"},{"created_at":"2025-10-22T23:04:26.619384+03:00","id":"68f938cc57335926a7acbcbb","updated_at":"2025-10-23T09:39:45Z"},{"created_at":"2
2025-10-23 18:56:16,451 - __main__ - INFO - Response status: 200
2025-10-23 18:56:16,451 - __main__ - INFO - Response JSON keys: dict_keys(['applies'])
2025-10-23 18:56:16,451 - __main__ - INFO - Получено откликов на странице: 100
2025-10-23 18:56:16,451 - __main__ - INFO - Найдено откликов: 100
2025-10-23 18:56:16,451 - __main__ - INFO - Всего откликов собрано: 100
2025-10-23 18:56:16,452 - __main__ - INFO - IDs откликов: ['68fa2b1a57335926a7446657', '68f9df2557335926a7ea82e3', '68f9d63a57335926a7a63d00', '68f938cc57335926a7acbcbb', '68f91f7957335926a725811e']...
2025-10-23 18:56:16,452 - __main__ - INFO - ID последнего отклика для cursor: 68f71fbc57335926a770...
2025-10-23 18:56:16,452 - werkzeug - INFO - 127.0.0.1 - - [23/Oct/2025 18:56:16] "GET /api/applications?days=7&limit=100 HTTP/1.1" 200 -
2025-10-23 18:56:16,453 - __main__ - INFO - --- Страница 2 ---
2025-10-23 18:56:16,453 - __main__ - INFO - Запрос с cursor: 68f71fbc57335926a770...
2025-10-23 18:56:16,842 - urllib3.connectionpool - DEBUG - https://api.avito.ru:443 "GET /messenger/v2/accounts/316615541/chats?limit=100&offset=0 HTTP/1.1" 200 None
2025-10-23 18:56:16,949 - urllib3.connectionpool - DEBUG - https://api.avito.ru:443 "GET /messenger/v2/accounts/316615541/chats?limit=100&offset=0 HTTP/1.1" 200 None
2025-10-23 18:56:17,044 - urllib3.connectionpool - DEBUG - https://api.avito.ru:443 "GET /job/v1/applications/get_ids?limit=100&updatedAtFrom=2025-09-23&cursor=68f71fbc57335926a770e46e HTTP/1.1" 200 None
2025-10-23 18:56:17,045 - __main__ - INFO - Response status: 200
2025-10-23 18:56:17,046 - __main__ - INFO - Получено откликов на странице: 100
2025-10-23 18:56:17,046 - __main__ - INFO - Всего откликов собрано: 200
2025-10-23 18:56:17,046 - __main__ - INFO - ID последнего отклика для cursor: 68f58fad57335926a76d...
2025-10-23 18:56:17,047 - __main__ - INFO - --- Страница 3 ---
2025-10-23 18:56:17,047 - __main__ - INFO - Запрос с cursor: 68f58fad57335926a76d...
2025-10-23 18:56:17,638 - urllib3.connectionpool - DEBUG - https://api.avito.ru:443 "GET /job/v1/applications/get_ids?limit=100&updatedAtFrom=2025-09-23&cursor=68f58fad57335926a76da0f3 HTTP/1.1" 200 None
2025-10-23 18:56:17,639 - __main__ - INFO - Response status: 200
2025-10-23 18:56:17,639 - __main__ - INFO - Получено откликов на странице: 100
2025-10-23 18:56:17,640 - __main__ - INFO - Всего откликов собрано: 300
2025-10-23 18:56:17,640 - __main__ - INFO - ID последнего отклика для cursor: 68ef891d57335926a7ed...
2025-10-23 18:56:17,640 - __main__ - INFO - --- Страница 4 ---
2025-10-23 18:56:17,640 - __main__ - INFO - Запрос с cursor: 68ef891d57335926a7ed...
2025-10-23 18:56:18,238 - urllib3.connectionpool - DEBUG - https://api.avito.ru:443 "GET /job/v1/applications/get_ids?limit=100&updatedAtFrom=2025-09-23&cursor=68ef891d57335926a7ed1206 HTTP/1.1" 200 None
2025-10-23 18:56:18,239 - __main__ - INFO - Response status: 200
2025-10-23 18:56:18,239 - __main__ - INFO - Получено откликов на странице: 100
2025-10-23 18:56:18,240 - __main__ - INFO - Всего откликов собрано: 400
2025-10-23 18:56:18,240 - __main__ - INFO - ID последнего отклика для cursor: 68ee40e557335926a7bf...
2025-10-23 18:56:18,240 - __main__ - INFO - --- Страница 5 ---
2025-10-23 18:56:18,240 - __main__ - INFO - Запрос с cursor: 68ee40e557335926a7bf...
2025-10-23 18:56:18,579 - urllib3.connectionpool - DEBUG - https://api.avito.ru:443 "GET /job/v1/applications/get_ids?limit=100&updatedAtFrom=2025-09-23&cursor=68ee40e557335926a7bf3f69 HTTP/1.1" 200 None
2025-10-23 18:56:18,580 - __main__ - INFO - Response status: 200
2025-10-23 18:56:18,580 - __main__ - INFO - Получено откликов на странице: 100
2025-10-23 18:56:18,581 - __main__ - INFO - Всего откликов собрано: 500
2025-10-23 18:56:18,581 - __main__ - INFO - ID последнего отклика для cursor: 68e7bde72c1693c1b640...
2025-10-23 18:56:18,581 - __main__ - INFO - --- Страница 6 ---
2025-10-23 18:56:18,581 - __main__ - INFO - Запрос с cursor: 68e7bde72c1693c1b640...
2025-10-23 18:56:18,914 - urllib3.connectionpool - DEBUG - https://api.avito.ru:443 "GET /job/v1/applications/get_ids?limit=100&updatedAtFrom=2025-09-23&cursor=68e7bde72c1693c1b6401454 HTTP/1.1" 200 None
2025-10-23 18:56:18,915 - __main__ - INFO - Response status: 200
2025-10-23 18:56:18,916 - __main__ - INFO - Получено откликов на странице: 100
2025-10-23 18:56:18,916 - __main__ - INFO - Всего откликов собрано: 600
2025-10-23 18:56:18,916 - __main__ - INFO - ID последнего отклика для cursor: 68df7b182c1693c1b6e9...
2025-10-23 18:56:18,916 - __main__ - INFO - --- Страница 7 ---
2025-10-23 18:56:18,917 - __main__ - INFO - Запрос с cursor: 68df7b182c1693c1b6e9...
2025-10-23 18:56:19,225 - urllib3.connectionpool - DEBUG - https://api.avito.ru:443 "GET /job/v1/applications/get_ids?limit=100&updatedAtFrom=2025-09-23&cursor=68df7b182c1693c1b6e97d21 HTTP/1.1" 200 None
2025-10-23 18:56:19,225 - __main__ - INFO - Response status: 200
2025-10-23 18:56:19,226 - __main__ - INFO - Получено откликов на странице: 46
2025-10-23 18:56:19,226 - __main__ - INFO - Всего откликов собрано: 646
2025-10-23 18:56:19,226 - __main__ - INFO - ID последнего отклика для cursor: 68b5a4b31deb3bab0fde...
2025-10-23 18:56:19,226 - __main__ - INFO - Получено меньше лимита (46 < 100), последняя страница
2025-10-23 18:56:19,226 - __main__ - INFO - === ИТОГО: Получено 646 откликов за 7 страниц ===
2025-10-23 18:56:19,226 - __main__ - INFO - ✅ Все 646 ID уникальны - дубликатов нет
2025-10-23 18:56:19,228 - werkzeug - INFO - 127.0.0.1 - - [23/Oct/2025 18:56:19] "GET /api/applications/all?days=30 HTTP/1.1" 200 -
2025-10-23 18:56:19,546 - __main__ - INFO - === get_applications_details: 20 IDs ===
2025-10-23 18:56:19,546 - __main__ - INFO - Запрос деталей для 20 откликов
2025-10-23 18:56:20,113 - urllib3.connectionpool - DEBUG - https://api.avito.ru:443 "POST /job/v1/applications/get_by_ids HTTP/1.1" 200 None
2025-10-23 18:56:20,114 - __main__ - INFO - Response status: 200
2025-10-23 18:56:20,114 - __main__ - INFO - Response text: {"applies":[{"applicant":{"data":{"birthday":"2001-06-10","citizenship":"Россия","gender":"Мужской","name":"Потапов Антон Сергеевич"},"id":"403574381","resume_id":"7434870869"},"contacts":{"chat":{"value":"u2i-XWQVOBCC3k5cq~2CruL9ow"},"phones":[{"status":null,"value":"79016546327"}]},"created_at":"2025-10-22T10:53:59.659173+03:00","employee_id":null,"enriched_properties":{"age":{"matching_status":"matched","value":24},"citizenship":{"matching_status":"no_criteria","value":"rus"},"full_name":{"ma
2025-10-23 18:56:20,115 - __main__ - INFO - Response keys: dict_keys(['applies'])
2025-10-23 18:56:20,115 - __main__ - INFO - Получено откликов с деталями: 20
2025-10-23 18:56:20,119 - __main__ - INFO - Сохранено в БД: 20 откликов
2025-10-23 18:56:20,120 - werkzeug - INFO - 127.0.0.1 - - [23/Oct/2025 18:56:20] "POST /api/applications/details HTTP/1.1" 200 -
2025-10-23 18:56:20,429 - __main__ - INFO - === get_applications_details: 20 IDs ===
2025-10-23 18:56:20,430 - __main__ - INFO - Запрос деталей для 20 откликов
2025-10-23 18:56:20,998 - urllib3.connectionpool - DEBUG - https://api.avito.ru:443 "POST /job/v1/applications/get_by_ids HTTP/1.1" 200 None
2025-10-23 18:56:20,998 - __main__ - INFO - Response status: 200
2025-10-23 18:56:20,999 - __main__ - INFO - Response text: {"applies":[{"applicant":{"data":{"birthday":"1985-03-28","citizenship":"Россия","gender":"Мужской","name":"Мусин Ринат"},"id":"399421728","resume_id":"7453730545"},"contacts":{"chat":{"value":"u2i-Vk1Tq3un9oNp4W9BMXXp0g"},"phones":[{"status":null,"value":"79208771328"}]},"created_at":"2025-10-22T07:54:01.981028+03:00","employee_id":null,"enriched_properties":{"age":{"matching_status":"mismatched","value":40},"citizenship":{"matching_status":"no_criteria","value":"rus"},"full_name":{"matching_st
2025-10-23 18:56:20,999 - __main__ - INFO - Response keys: dict_keys(['applies'])
2025-10-23 18:56:20,999 - __main__ - INFO - Получено откликов с деталями: 20
2025-10-23 18:56:21,009 - __main__ - INFO - Сохранено в БД: 20 откликов
2025-10-23 18:56:21,010 - werkzeug - INFO - 127.0.0.1 - - [23/Oct/2025 18:56:21] "POST /api/applications/details HTTP/1.1" 200 -
2025-10-23 18:56:21,321 - __main__ - INFO - === get_applications_details: 20 IDs ===
2025-10-23 18:56:21,322 - __main__ - INFO - Запрос деталей для 20 откликов
2025-10-23 18:56:21,882 - urllib3.connectionpool - DEBUG - https://api.avito.ru:443 "GET /messenger/v2/accounts/316615541/chats?limit=100&offset=100 HTTP/1.1" 200 None
2025-10-23 18:56:21,887 - urllib3.connectionpool - DEBUG - https://api.avito.ru:443 "GET /messenger/v2/accounts/316615541/chats?limit=100&offset=100 HTTP/1.1" 200 None
2025-10-23 18:56:21,890 - urllib3.connectionpool - DEBUG - https://api.avito.ru:443 "POST /job/v1/applications/get_by_ids HTTP/1.1" 200 None
2025-10-23 18:56:21,890 - __main__ - INFO - Response status: 200
2025-10-23 18:56:21,890 - __main__ - INFO - Response text: {"applies":[{"applicant":{"data":{"birthday":"1996-07-18","citizenship":"Россия","education":"Среднее специальное","gender":"Мужской","name":"Сияшин Евгений Юрьевич"},"id":"65092615","resume_id":"4485064429"},"contacts":{"chat":{"value":"u2i-WpjryXkT7HQulnUR_XnhiA"},"phones":[{"status":null,"value":"79526392653"}]},"created_at":"2025-10-22T05:20:51.417179+03:00","employee_id":null,"enriched_properties":{"age":{"matching_status":"matched","value":29},"citizenship":{"matching_status":"no_criteria"
2025-10-23 18:56:21,891 - __main__ - INFO - Response keys: dict_keys(['applies'])
2025-10-23 18:56:21,891 - __main__ - INFO - Получено откликов с деталями: 20
2025-10-23 18:56:21,901 - __main__ - INFO - Сохранено в БД: 20 откликов
2025-10-23 18:56:21,902 - werkzeug - INFO - 127.0.0.1 - - [23/Oct/2025 18:56:21] "POST /api/applications/details HTTP/1.1" 200 -
2025-10-23 18:56:22,212 - __main__ - INFO - === get_applications_details: 20 IDs ===
2025-10-23 18:56:22,212 - __main__ - INFO - Запрос деталей для 20 откликов
2025-10-23 18:56:22,778 - urllib3.connectionpool - DEBUG - https://api.avito.ru:443 "POST /job/v1/applications/get_by_ids HTTP/1.1" 200 None
2025-10-23 18:56:22,779 - __main__ - INFO - Response status: 200
2025-10-23 18:56:22,779 - __main__ - INFO - Response text: {"applies":[{"applicant":{"data":{"birthday":"1990-09-27","citizenship":"rus","name":"Драгунов Евгений Павлович"},"id":"143072287"},"contacts":{"chat":{"value":"u2i-AN8VlA0IjgWCMpzD4xdC0w"},"phones":[{"status":null,"value":"79531029340"}]},"created_at":"2025-10-21T10:06:12.637712+03:00","employee_id":null,"enriched_properties":{"age":{"matching_status":"mismatched","value":35},"citizenship":{"matching_status":"no_criteria","value":"rus"},"full_name":{"matching_status":"no_criteria","value":"Драг
2025-10-23 18:56:22,780 - __main__ - INFO - Response keys: dict_keys(['applies'])
2025-10-23 18:56:22,780 - __main__ - INFO - Получено откликов с деталями: 20
2025-10-23 18:56:22,789 - __main__ - INFO - Сохранено в БД: 20 откликов
2025-10-23 18:56:22,790 - werkzeug - INFO - 127.0.0.1 - - [23/Oct/2025 18:56:22] "POST /api/applications/details HTTP/1.1" 200 -
2025-10-23 18:56:23,096 - __main__ - INFO - === get_applications_details: 20 IDs ===
2025-10-23 18:56:23,096 - __main__ - INFO - Запрос деталей для 20 откликов
2025-10-23 18:56:23,661 - urllib3.connectionpool - DEBUG - https://api.avito.ru:443 "POST /job/v1/applications/get_by_ids HTTP/1.1" 200 None
2025-10-23 18:56:23,662 - __main__ - INFO - Response status: 200
2025-10-23 18:56:23,662 - __main__ - INFO - Response text: {"applies":[{"applicant":{"data":{"birthday":"1997-03-15","citizenship":"rus","name":"Хамроев Амир Негматович"},"id":"303638237"},"contacts":{"chat":{"value":"u2i-M6UHQrNKj_uu7J1bCP0wBg"},"phones":[{"status":null,"value":"79120879902"}]},"created_at":"2025-10-21T08:52:59.571933+03:00","employee_id":null,"enriched_properties":{"age":{"matching_status":"matched","value":28},"citizenship":{"matching_status":"no_criteria","value":"rus"},"full_name":{"matching_status":"no_criteria","value":"Хамроев А
2025-10-23 18:56:23,663 - __main__ - INFO - Response keys: dict_keys(['applies'])
2025-10-23 18:56:23,663 - __main__ - INFO - Получено откликов с деталями: 20
2025-10-23 18:56:23,672 - __main__ - INFO - Сохранено в БД: 20 откликов
2025-10-23 18:56:23,673 - werkzeug - INFO - 127.0.0.1 - - [23/Oct/2025 18:56:23] "POST /api/applications/details HTTP/1.1" 200 -
2025-10-23 18:56:23,993 - __main__ - INFO - === get_applications_details: 20 IDs ===
2025-10-23 18:56:23,994 - __main__ - INFO - Запрос деталей для 20 откликов
2025-10-23 18:56:24,157 - urllib3.connectionpool - DEBUG - https://api.avito.ru:443 "GET /messenger/v2/accounts/316615541/chats?limit=100&offset=200 HTTP/1.1" 200 None
2025-10-23 18:56:24,469 - urllib3.connectionpool - DEBUG - https://api.avito.ru:443 "GET /messenger/v2/accounts/316615541/chats?limit=100&offset=200 HTTP/1.1" 200 None
2025-10-23 18:56:24,558 - urllib3.connectionpool - DEBUG - https://api.avito.ru:443 "POST /job/v1/applications/get_by_ids HTTP/1.1" 200 None
2025-10-23 18:56:24,559 - __main__ - INFO - Response status: 200
2025-10-23 18:56:24,559 - __main__ - INFO - Response text: {"applies":[{"applicant":{"data":{"birthday":"1982-03-07","citizenship":"Россия","gender":"Мужской","name":"Петров Алексей Дмитриевич"},"id":"385867173","resume_id":"7714376182"},"contacts":{"chat":{"value":"u2i-oyQtU3yQUCo4GCDg_PvC7g"},"phones":[{"status":null,"value":"79245975785"}]},"created_at":"2025-10-21T08:00:57.23191+03:00","employee_id":null,"enriched_properties":{"age":{"matching_status":"mismatched","value":43},"citizenship":{"matching_status":"no_criteria","value":"rus"},"full_name":
2025-10-23 18:56:24,560 - __main__ - INFO - Response keys: dict_keys(['applies'])
2025-10-23 18:56:24,560 - __main__ - INFO - Получено откликов с деталями: 20
2025-10-23 18:56:24,566 - __main__ - INFO - Сохранено в БД: 20 откликов
2025-10-23 18:56:24,567 - werkzeug - INFO - 127.0.0.1 - - [23/Oct/2025 18:56:24] "POST /api/applications/details HTTP/1.1" 200 -
2025-10-23 18:56:24,875 - __main__ - INFO - === get_applications_details: 20 IDs ===
2025-10-23 18:56:24,876 - __main__ - INFO - Запрос деталей для 20 откликов
2025-10-23 18:56:25,445 - urllib3.connectionpool - DEBUG - https://api.avito.ru:443 "POST /job/v1/applications/get_by_ids HTTP/1.1" 200 None
2025-10-23 18:56:25,445 - __main__ - INFO - Response status: 200
2025-10-23 18:56:25,446 - __main__ - INFO - Response text: {"applies":[{"applicant":{"data":{"birthday":"1974-01-19","citizenship":"Россия","education":"Среднее","gender":"Мужской","name":"Кокан Андрей Сергеевич"},"id":"172246966","resume_id":"4724045414"},"contacts":{"chat":{"value":"u2i-q~xhSyAdrRq8Qe0~1xLfWg"},"phones":[{"status":null,"value":"79612417981"}]},"created_at":"2025-10-20T07:45:12.494962+03:00","employee_id":null,"enriched_properties":{"age":{"matching_status":"mismatched","value":51},"citizenship":{"matching_status":"no_criteria","value"
2025-10-23 18:56:25,446 - __main__ - INFO - Response keys: dict_keys(['applies'])
2025-10-23 18:56:25,447 - __main__ - INFO - Получено откликов с деталями: 20
2025-10-23 18:56:25,453 - __main__ - INFO - Сохранено в БД: 20 откликов
2025-10-23 18:56:25,454 - werkzeug - INFO - 127.0.0.1 - - [23/Oct/2025 18:56:25] "POST /api/applications/details HTTP/1.1" 200 -
2025-10-23 18:56:25,772 - __main__ - INFO - === get_applications_details: 20 IDs ===
2025-10-23 18:56:25,772 - __main__ - INFO - Запрос деталей для 20 откликов
2025-10-23 18:56:26,174 - urllib3.connectionpool - DEBUG - https://api.avito.ru:443 "GET /messenger/v2/accounts/316615541/chats?limit=100&offset=300 HTTP/1.1" 200 None
2025-10-23 18:56:26,339 - urllib3.connectionpool - DEBUG - https://api.avito.ru:443 "POST /job/v1/applications/get_by_ids HTTP/1.1" 200 None
2025-10-23 18:56:26,339 - __main__ - INFO - Response status: 200
2025-10-23 18:56:26,339 - __main__ - INFO - Response text: {"applies":[{"applicant":{"data":{"birthday":"1971-04-11","citizenship":"Россия","education":"Среднее","gender":"Мужской","name":"Чеботару Олег Ильич"},"id":"82028053","resume_id":"7666316040"},"contacts":{"chat":{"value":"u2i-yQ7SrngtKlALeqQyVezxbg"},"phones":[{"status":null,"value":"79088864111"}]},"created_at":"2025-10-20T06:59:15.04454+03:00","employee_id":null,"enriched_properties":{"age":{"matching_status":"mismatched","value":54},"citizenship":{"matching_status":"no_criteria","value":"rus
2025-10-23 18:56:26,340 - __main__ - INFO - Response keys: dict_keys(['applies'])
2025-10-23 18:56:26,340 - __main__ - INFO - Получено откликов с деталями: 20
2025-10-23 18:56:26,346 - __main__ - INFO - Сохранено в БД: 20 откликов
2025-10-23 18:56:26,347 - werkzeug - INFO - 127.0.0.1 - - [23/Oct/2025 18:56:26] "POST /api/applications/details HTTP/1.1" 200 -
2025-10-23 18:56:26,663 - __main__ - INFO - === get_applications_details: 20 IDs ===
2025-10-23 18:56:26,663 - __main__ - INFO - Запрос деталей для 20 откликов
2025-10-23 18:56:26,694 - urllib3.connectionpool - DEBUG - https://api.avito.ru:443 "GET /messenger/v2/accounts/316615541/chats?limit=100&offset=300 HTTP/1.1" 200 None
2025-10-23 18:56:27,231 - urllib3.connectionpool - DEBUG - https://api.avito.ru:443 "POST /job/v1/applications/get_by_ids HTTP/1.1" 200 None
2025-10-23 18:56:27,231 - __main__ - INFO - Response status: 200
2025-10-23 18:56:27,232 - __main__ - INFO - Response text: {"applies":[{"applicant":{"data":{"birthday":"2004-07-30","citizenship":"rus","name":"Якимов Юрий Витальевич"},"id":"181643029"},"contacts":{"chat":{"value":"u2i-ubi1m1M4W_jdEE6PEQ3l2w"},"phones":[{"status":null,"value":"79991749676"}]},"created_at":"2025-10-20T05:58:20.233083+03:00","employee_id":null,"enriched_properties":{"age":{"matching_status":"matched","value":21},"citizenship":{"matching_status":"no_criteria","value":"rus"},"full_name":{"matching_status":"no_criteria","value":"Якимов Юри
2025-10-23 18:56:27,232 - __main__ - INFO - Response keys: dict_keys(['applies'])
2025-10-23 18:56:27,232 - __main__ - INFO - Получено откликов с деталями: 20
2025-10-23 18:56:27,242 - __main__ - INFO - Сохранено в БД: 20 откликов
2025-10-23 18:56:27,243 - werkzeug - INFO - 127.0.0.1 - - [23/Oct/2025 18:56:27] "POST /api/applications/details HTTP/1.1" 200 -
2025-10-23 18:56:27,565 - __main__ - INFO - === get_applications_details: 20 IDs ===
2025-10-23 18:56:27,565 - __main__ - INFO - Запрос деталей для 20 откликов
2025-10-23 18:56:28,134 - urllib3.connectionpool - DEBUG - https://api.avito.ru:443 "POST /job/v1/applications/get_by_ids HTTP/1.1" 200 None
2025-10-23 18:56:28,135 - __main__ - INFO - Response status: 200
2025-10-23 18:56:28,135 - __main__ - INFO - Response text: {"applies":[{"applicant":{"data":{"name":"Стрежнев Михаил сергеевич"},"id":"358176879"},"contacts":{"chat":{"value":"u2i-z~U0lIVcHcIqdhLWquhmzQ"},"phones":[{"status":null,"value":"79089091181"}]},"created_at":"2025-10-20T04:26:04.075498+03:00","employee_id":null,"enriched_properties":null,"id":"68f58fad57335926a76da0f3","is_viewed":true,"negotiation_id":950309723,"price":{"bonus":0,"real":6100,"total":6100},"type":"by_chat","updated_at":"2025-10-20T01:26:26Z","vacancy_id":7666536478},{"applicant
2025-10-23 18:56:28,136 - __main__ - INFO - Response keys: dict_keys(['applies'])
2025-10-23 18:56:28,136 - __main__ - INFO - Получено откликов с деталями: 20
2025-10-23 18:56:28,142 - __main__ - INFO - Сохранено в БД: 20 откликов
2025-10-23 18:56:28,143 - werkzeug - INFO - 127.0.0.1 - - [23/Oct/2025 18:56:28] "POST /api/applications/details HTTP/1.1" 200 -
2025-10-23 18:56:28,229 - urllib3.connectionpool - DEBUG - https://api.avito.ru:443 "GET /messenger/v2/accounts/316615541/chats?limit=100&offset=400 HTTP/1.1" 200 None
2025-10-23 18:56:28,450 - __main__ - INFO - === get_applications_details: 20 IDs ===
2025-10-23 18:56:28,451 - __main__ - INFO - Запрос деталей для 20 откликов
2025-10-23 18:56:28,684 - urllib3.connectionpool - DEBUG - https://api.avito.ru:443 "GET /messenger/v2/accounts/316615541/chats?limit=100&offset=400 HTTP/1.1" 200 None
2025-10-23 18:56:29,020 - urllib3.connectionpool - DEBUG - https://api.avito.ru:443 "POST /job/v1/applications/get_by_ids HTTP/1.1" 200 None
2025-10-23 18:56:29,020 - __main__ - INFO - Response status: 200
2025-10-23 18:56:29,021 - __main__ - INFO - Response text: {"applies":[{"applicant":{"data":{"birthday":"2006-10-06","citizenship":"Россия","education":"Незаконченное высшее","gender":"Женский","name":"Хасанова Алсу Флоритовна"},"id":"363600777","resume_id":"3783347123"},"contacts":{"chat":{"value":"u2i-uTqKgEvMwutoIZ8_KczNkw"},"phones":[{"status":null,"value":"79631389118"}]},"created_at":"2025-10-20T02:07:33.699538+03:00","employee_id":null,"enriched_properties":{"age":{"matching_status":"matched","value":19},"citizenship":{"matching_status":"no_crite
2025-10-23 18:56:29,021 - __main__ - INFO - Response keys: dict_keys(['applies'])
2025-10-23 18:56:29,021 - __main__ - INFO - Получено откликов с деталями: 20
2025-10-23 18:56:29,031 - __main__ - INFO - Сохранено в БД: 20 откликов
2025-10-23 18:56:29,032 - werkzeug - INFO - 127.0.0.1 - - [23/Oct/2025 18:56:29] "POST /api/applications/details HTTP/1.1" 200 -
2025-10-23 18:56:29,349 - __main__ - INFO - === get_applications_details: 20 IDs ===
2025-10-23 18:56:29,350 - __main__ - INFO - Запрос деталей для 20 откликов
2025-10-23 18:56:29,965 - urllib3.connectionpool - DEBUG - https://api.avito.ru:443 "POST /job/v1/applications/get_by_ids HTTP/1.1" 200 None
2025-10-23 18:56:29,966 - __main__ - INFO - Response status: 200
2025-10-23 18:56:29,966 - __main__ - INFO - Response text: {"applies":[{"applicant":{"data":{"birthday":"1985-07-14","citizenship":"rus","name":"Балданов Чингис Дондокович"},"id":"42395410"},"contacts":{"chat":{"value":"u2i-JR0MXskgWa9Bi7Z0g7WOxg"},"phones":[{"status":null,"value":"79996039022"}]},"created_at":"2025-10-19T23:34:49.527103+03:00","employee_id":null,"enriched_properties":{"age":{"matching_status":"mismatched","value":40},"citizenship":{"matching_status":"no_criteria","value":"rus"},"full_name":{"matching_status":"no_criteria","value":"Балд
2025-10-23 18:56:29,966 - __main__ - INFO - Response keys: dict_keys(['applies'])
2025-10-23 18:56:29,967 - __main__ - INFO - Получено откликов с деталями: 20
2025-10-23 18:56:29,972 - __main__ - INFO - Сохранено в БД: 20 откликов
2025-10-23 18:56:29,973 - werkzeug - INFO - 127.0.0.1 - - [23/Oct/2025 18:56:29] "POST /api/applications/details HTTP/1.1" 200 -
2025-10-23 18:56:30,011 - urllib3.connectionpool - DEBUG - https://api.avito.ru:443 "GET /messenger/v2/accounts/316615541/chats?limit=100&offset=500 HTTP/1.1" 200 None
2025-10-23 18:56:30,280 - __main__ - INFO - === get_applications_details: 20 IDs ===
2025-10-23 18:56:30,281 - __main__ - INFO - Запрос деталей для 20 откликов
2025-10-23 18:56:30,434 - urllib3.connectionpool - DEBUG - https://api.avito.ru:443 "GET /messenger/v2/accounts/316615541/chats?limit=100&offset=500 HTTP/1.1" 200 None
2025-10-23 18:56:30,850 - urllib3.connectionpool - DEBUG - https://api.avito.ru:443 "POST /job/v1/applications/get_by_ids HTTP/1.1" 200 None
2025-10-23 18:56:30,851 - __main__ - INFO - Response status: 200
2025-10-23 18:56:30,851 - __main__ - INFO - Response text: {"applies":[{"applicant":{"data":{"birthday":"1996-05-22","citizenship":"Россия","gender":"Мужской","name":"Жорин денис"},"id":"216713051","resume_id":"7672095273"},"contacts":{"chat":{"value":"u2i-aWbRpdJdDWhGZi3NVdtkVg"},"phones":[{"status":null,"value":"79277593861"}]},"created_at":"2025-10-19T22:36:00.91983+03:00","employee_id":null,"enriched_properties":{"age":{"matching_status":"matched","value":29},"citizenship":{"matching_status":"no_criteria","value":"rus"},"full_name":{"matching_status
2025-10-23 18:56:30,852 - __main__ - INFO - Response keys: dict_keys(['applies'])
2025-10-23 18:56:30,852 - __main__ - INFO - Получено откликов с деталями: 20
2025-10-23 18:56:30,858 - __main__ - INFO - Сохранено в БД: 20 откликов
2025-10-23 18:56:30,860 - werkzeug - INFO - 127.0.0.1 - - [23/Oct/2025 18:56:30] "POST /api/applications/details HTTP/1.1" 200 -
2025-10-23 18:56:31,179 - __main__ - INFO - === get_applications_details: 20 IDs ===
2025-10-23 18:56:31,179 - __main__ - INFO - Запрос деталей для 20 откликов
2025-10-23 18:56:31,742 - urllib3.connectionpool - DEBUG - https://api.avito.ru:443 "POST /job/v1/applications/get_by_ids HTTP/1.1" 200 None
2025-10-23 18:56:31,742 - __main__ - INFO - Response status: 200
2025-10-23 18:56:31,743 - __main__ - INFO - Response text: {"applies":[{"applicant":{"data":{"birthday":"1975-10-25","citizenship":"Россия","education":"Среднее специальное","gender":"Мужской","name":"Суртаев Денис Владимирович"},"id":"352134602","resume_id":"3783867266"},"contacts":{"chat":{"value":"u2i-eUUKlIz3sjG1NqVB5VTn3w"},"phones":[{"status":null,"value":"79236618534"}]},"created_at":"2025-10-15T17:14:50.184461+03:00","employee_id":null,"enriched_properties":{"age":{"matching_status":"mismatched","value":49},"citizenship":{"matching_status":"no_c
2025-10-23 18:56:31,744 - __main__ - INFO - Response keys: dict_keys(['applies'])
2025-10-23 18:56:31,744 - __main__ - INFO - Получено откликов с деталями: 20
2025-10-23 18:56:31,753 - __main__ - INFO - Сохранено в БД: 20 откликов
2025-10-23 18:56:31,754 - werkzeug - INFO - 127.0.0.1 - - [23/Oct/2025 18:56:31] "POST /api/applications/details HTTP/1.1" 200 -
2025-10-23 18:56:31,800 - urllib3.connectionpool - DEBUG - https://api.avito.ru:443 "GET /messenger/v2/accounts/316615541/chats?limit=100&offset=600 HTTP/1.1" 200 None
2025-10-23 18:56:32,065 - __main__ - INFO - === get_applications_details: 20 IDs ===
2025-10-23 18:56:32,065 - __main__ - INFO - Запрос деталей для 20 откликов
2025-10-23 18:56:32,148 - urllib3.connectionpool - DEBUG - https://api.avito.ru:443 "GET /messenger/v2/accounts/316615541/chats?limit=100&offset=600 HTTP/1.1" 200 None
2025-10-23 18:56:32,800 - urllib3.connectionpool - DEBUG - https://api.avito.ru:443 "POST /job/v1/applications/get_by_ids HTTP/1.1" 200 None
2025-10-23 18:56:32,801 - __main__ - INFO - Response status: 200
2025-10-23 18:56:32,801 - __main__ - INFO - Response text: {"applies":[{"applicant":{"data":{"birthday":"1992-02-09","citizenship":"rus","name":"Аникеев Иван Георгиевич"},"id":"416124713"},"contacts":{"chat":{"value":"u2i-4u4VwKYQi6uS52Xos7c_kw"},"phones":[{"status":null,"value":"79125523160"}]},"created_at":"2025-10-15T14:44:28.643468+03:00","employee_id":null,"enriched_properties":{"age":{"matching_status":"mismatched","value":33},"citizenship":{"matching_status":"no_criteria","value":"rus"},"full_name":{"matching_status":"no_criteria","value":"Иван Г
2025-10-23 18:56:32,802 - __main__ - INFO - Response keys: dict_keys(['applies'])
2025-10-23 18:56:32,802 - __main__ - INFO - Получено откликов с деталями: 20
2025-10-23 18:56:32,811 - __main__ - INFO - Сохранено в БД: 20 откликов
2025-10-23 18:56:32,812 - werkzeug - INFO - 127.0.0.1 - - [23/Oct/2025 18:56:32] "POST /api/applications/details HTTP/1.1" 200 -
2025-10-23 18:56:33,131 - __main__ - INFO - === get_applications_details: 20 IDs ===
2025-10-23 18:56:33,131 - __main__ - INFO - Запрос деталей для 20 откликов
2025-10-23 18:56:33,437 - urllib3.connectionpool - DEBUG - https://api.avito.ru:443 "POST /job/v1/applications/get_by_ids HTTP/1.1" 200 None
2025-10-23 18:56:33,437 - __main__ - INFO - Response status: 200
2025-10-23 18:56:33,437 - __main__ - INFO - Response text: {"applies":[{"applicant":{"data":{"birthday":"1986-09-18","citizenship":"Россия","education":"Высшее","gender":"Мужской","name":"Андреев Виктор Викторович"},"id":"346858515","resume_id":"7696735938"},"contacts":{"chat":{"value":"u2i-aSyKilDIRHWR3UIrdAKcQg"},"phones":[{"status":null,"value":"79064778974"}]},"created_at":"2025-10-15T11:34:58.221616+03:00","employee_id":null,"enriched_properties":{"age":{"matching_status":"mismatched","value":39},"citizenship":{"matching_status":"no_criteria","valu
2025-10-23 18:56:33,438 - __main__ - INFO - Response keys: dict_keys(['applies'])
2025-10-23 18:56:33,438 - __main__ - INFO - Получено откликов с деталями: 20
2025-10-23 18:56:33,448 - __main__ - INFO - Сохранено в БД: 20 откликов
2025-10-23 18:56:33,449 - werkzeug - INFO - 127.0.0.1 - - [23/Oct/2025 18:56:33] "POST /api/applications/details HTTP/1.1" 200 -
2025-10-23 18:56:33,761 - urllib3.connectionpool - DEBUG - https://api.avito.ru:443 "GET /messenger/v2/accounts/316615541/chats?limit=100&offset=700 HTTP/1.1" 200 None
2025-10-23 18:56:33,764 - __main__ - INFO - === get_applications_details: 20 IDs ===
2025-10-23 18:56:33,764 - __main__ - INFO - Запрос деталей для 20 откликов
2025-10-23 18:56:33,983 - urllib3.connectionpool - DEBUG - https://api.avito.ru:443 "GET /messenger/v2/accounts/316615541/chats?limit=100&offset=700 HTTP/1.1" 200 None
2025-10-23 18:56:34,337 - urllib3.connectionpool - DEBUG - https://api.avito.ru:443 "POST /job/v1/applications/get_by_ids HTTP/1.1" 200 None
2025-10-23 18:56:34,338 - __main__ - INFO - Response status: 200
2025-10-23 18:56:34,338 - __main__ - INFO - Response text: {"applies":[{"applicant":{"data":{"birthday":"1998-07-29","citizenship":"Россия","education":"Среднее специальное","gender":"Мужской","name":"Агба Карней Руслановч"},"id":"205928861","resume_id":"7546858258"},"contacts":{"chat":{"value":"u2i-HNMcAry3M0Yr6N1qPhpKZA"},"phones":[{"status":null,"value":"79623835577"}]},"created_at":"2025-10-15T09:54:32.056644+03:00","employee_id":null,"enriched_properties":{"age":{"matching_status":"matched","value":27},"citizenship":{"matching_status":"no_criteria"
2025-10-23 18:56:34,338 - __main__ - INFO - Response keys: dict_keys(['applies'])
2025-10-23 18:56:34,339 - __main__ - INFO - Получено откликов с деталями: 20
2025-10-23 18:56:34,345 - __main__ - INFO - Сохранено в БД: 20 откликов
2025-10-23 18:56:34,346 - werkzeug - INFO - 127.0.0.1 - - [23/Oct/2025 18:56:34] "POST /api/applications/details HTTP/1.1" 200 -
2025-10-23 18:56:34,662 - __main__ - INFO - === get_applications_details: 20 IDs ===
2025-10-23 18:56:34,662 - __main__ - INFO - Запрос деталей для 20 откликов
2025-10-23 18:56:35,232 - urllib3.connectionpool - DEBUG - https://api.avito.ru:443 "POST /job/v1/applications/get_by_ids HTTP/1.1" 200 None
2025-10-23 18:56:35,233 - __main__ - INFO - Response status: 200
2025-10-23 18:56:35,233 - __main__ - INFO - Response text: {"applies":[{"applicant":{"data":{"citizenship":"rus","name":"Марк Хант"},"id":"369430937"},"contacts":{"chat":{"value":"u2i-4c4YcCUnPN0zMCXcKGTLYQ"},"phones":[{"status":null,"value":"79220621096"}]},"created_at":"2025-10-15T07:25:39.545241+03:00","employee_id":null,"enriched_properties":{"citizenship":{"matching_status":"no_criteria","value":"rus"},"phone":{"matching_status":"no_criteria","value":"+79220621096"},"status":"not_completed"},"id":"68ef224457335926a737ed34","is_viewed":true,"negotia
2025-10-23 18:56:35,233 - __main__ - INFO - Response keys: dict_keys(['applies'])
2025-10-23 18:56:35,234 - __main__ - INFO - Получено откликов с деталями: 20
2025-10-23 18:56:35,239 - __main__ - INFO - Сохранено в БД: 20 откликов
2025-10-23 18:56:35,239 - werkzeug - INFO - 127.0.0.1 - - [23/Oct/2025 18:56:35] "POST /api/applications/details HTTP/1.1" 200 -
2025-10-23 18:56:35,254 - urllib3.connectionpool - DEBUG - https://api.avito.ru:443 "GET /messenger/v2/accounts/316615541/chats?limit=100&offset=800 HTTP/1.1" 200 None
2025-10-23 18:56:35,418 - urllib3.connectionpool - DEBUG - https://api.avito.ru:443 "GET /messenger/v2/accounts/316615541/chats?limit=100&offset=800 HTTP/1.1" 200 None
2025-10-23 18:56:35,545 - __main__ - INFO - === get_applications_details: 20 IDs ===
2025-10-23 18:56:35,546 - __main__ - INFO - Запрос деталей для 20 откликов
2025-10-23 18:56:36,113 - urllib3.connectionpool - DEBUG - https://api.avito.ru:443 "POST /job/v1/applications/get_by_ids HTTP/1.1" 200 None
2025-10-23 18:56:36,114 - __main__ - INFO - Response status: 200
2025-10-23 18:56:36,114 - __main__ - INFO - Response text: {"applies":[{"applicant":{"data":{"birthday":"1977-02-02","citizenship":"rus","name":"Фроленко Андрей Анатольевич"},"id":"228366446"},"contacts":{"chat":{"value":"u2i-EULO~W8cXt2ODBuuUrYTZQ"},"phones":[{"status":null,"value":"79529967542"}]},"created_at":"2025-10-15T01:29:05.763393+03:00","employee_id":null,"enriched_properties":{"age":{"matching_status":"mismatched","value":48},"citizenship":{"matching_status":"no_criteria","value":"rus"},"full_name":{"matching_status":"no_criteria","value":"Фр
2025-10-23 18:56:36,115 - __main__ - INFO - Response keys: dict_keys(['applies'])
2025-10-23 18:56:36,115 - __main__ - INFO - Получено откликов с деталями: 20
2025-10-23 18:56:36,120 - __main__ - INFO - Сохранено в БД: 20 откликов
2025-10-23 18:56:36,121 - werkzeug - INFO - 127.0.0.1 - - [23/Oct/2025 18:56:36] "POST /api/applications/details HTTP/1.1" 200 -
2025-10-23 18:56:36,431 - __main__ - INFO - === get_applications_details: 20 IDs ===
2025-10-23 18:56:36,431 - __main__ - INFO - Запрос деталей для 20 откликов
2025-10-23 18:56:36,999 - urllib3.connectionpool - DEBUG - https://api.avito.ru:443 "POST /job/v1/applications/get_by_ids HTTP/1.1" 200 None
2025-10-23 18:56:36,999 - __main__ - INFO - Response status: 200
2025-10-23 18:56:37,000 - __main__ - INFO - Response text: {"applies":[{"applicant":{"data":{"birthday":"1988-02-11","citizenship":"Россия","education":"Среднее специальное","gender":"Мужской","name":"Крылов Павел Олегович"},"id":"190708447","resume_id":"7708349304"},"contacts":{"chat":{"value":"u2i-J7eXETqxqmZuzCWqH87L5g"},"phones":[{"status":null,"value":"79635323476"}]},"created_at":"2025-10-14T15:24:04.73313+03:00","employee_id":null,"enriched_properties":{"age":{"matching_status":"matched","value":37},"citizenship":{"matching_status":"no_criteria",
2025-10-23 18:56:37,000 - __main__ - INFO - Response keys: dict_keys(['applies'])
2025-10-23 18:56:37,001 - __main__ - INFO - Получено откликов с деталями: 20
2025-10-23 18:56:37,010 - __main__ - INFO - Сохранено в БД: 20 откликов
2025-10-23 18:56:37,011 - werkzeug - INFO - 127.0.0.1 - - [23/Oct/2025 18:56:37] "POST /api/applications/details HTTP/1.1" 200 -
2025-10-23 18:56:37,016 - urllib3.connectionpool - DEBUG - https://api.avito.ru:443 "GET /messenger/v2/accounts/316615541/chats?limit=100&offset=900 HTTP/1.1" 200 None
2025-10-23 18:56:37,120 - urllib3.connectionpool - DEBUG - https://api.avito.ru:443 "GET /messenger/v2/accounts/316615541/chats?limit=100&offset=900 HTTP/1.1" 200 None
2025-10-23 18:56:37,330 - __main__ - INFO - === get_applications_details: 20 IDs ===
2025-10-23 18:56:37,331 - __main__ - INFO - Запрос деталей для 20 откликов
2025-10-23 18:56:37,898 - urllib3.connectionpool - DEBUG - https://api.avito.ru:443 "POST /job/v1/applications/get_by_ids HTTP/1.1" 200 None
2025-10-23 18:56:37,899 - __main__ - INFO - Response status: 200
2025-10-23 18:56:37,899 - __main__ - INFO - Response text: {"applies":[{"applicant":{"data":{"birthday":"1991-05-20","citizenship":"Россия","gender":"Мужской","name":"Дюков Иван Александрович"},"id":"213319184","resume_id":"7789187590"},"contacts":{"chat":{"value":"u2i-v_QlHM~pjEfxFn_WlcIaRQ"},"phones":[{"status":null,"value":"79029644971"}]},"created_at":"2025-10-14T02:15:33.118682+03:00","employee_id":null,"enriched_properties":{"age":{"matching_status":"matched","value":34},"citizenship":{"matching_status":"no_criteria","value":"rus"},"full_name":{"m
2025-10-23 18:56:37,899 - __main__ - INFO - Response keys: dict_keys(['applies'])
2025-10-23 18:56:37,900 - __main__ - INFO - Получено откликов с деталями: 20
2025-10-23 18:56:37,906 - __main__ - INFO - Сохранено в БД: 20 откликов
2025-10-23 18:56:37,907 - werkzeug - INFO - 127.0.0.1 - - [23/Oct/2025 18:56:37] "POST /api/applications/details HTTP/1.1" 200 -
2025-10-23 18:56:38,214 - __main__ - INFO - === get_applications_details: 20 IDs ===
2025-10-23 18:56:38,214 - __main__ - INFO - Запрос деталей для 20 откликов
2025-10-23 18:56:38,794 - urllib3.connectionpool - DEBUG - https://api.avito.ru:443 "POST /job/v1/applications/get_by_ids HTTP/1.1" 200 None
2025-10-23 18:56:38,794 - __main__ - INFO - Response status: 200
2025-10-23 18:56:38,794 - __main__ - INFO - Response text: {"applies":[{"applicant":{"data":{"birthday":"1996-03-11","citizenship":"rus","name":"Сапрыкин Александр витальевичь"},"id":"410501953"},"contacts":{"chat":{"value":"u2i-LphleRWmVtvdS8~u_2nYYg"},"phones":[{"status":null,"value":"79842971006"}]},"created_at":"2025-10-13T04:33:17.048353+03:00","employee_id":null,"enriched_properties":{"age":{"matching_status":"mismatched","value":29},"citizenship":{"matching_status":"no_criteria","value":"rus"},"full_name":{"matching_status":"no_criteria","value":
2025-10-23 18:56:38,795 - __main__ - INFO - Response keys: dict_keys(['applies'])
2025-10-23 18:56:38,795 - __main__ - INFO - Получено откликов с деталями: 20
2025-10-23 18:56:38,801 - __main__ - INFO - Сохранено в БД: 20 откликов
2025-10-23 18:56:38,802 - werkzeug - INFO - 127.0.0.1 - - [23/Oct/2025 18:56:38] "POST /api/applications/details HTTP/1.1" 200 -
2025-10-23 18:56:38,846 - urllib3.connectionpool - DEBUG - https://api.avito.ru:443 "GET /messenger/v2/accounts/316615541/chats?limit=100&offset=1000 HTTP/1.1" 200 None
2025-10-23 18:56:38,955 - urllib3.connectionpool - DEBUG - https://api.avito.ru:443 "GET /messenger/v2/accounts/316615541/chats?limit=100&offset=1000 HTTP/1.1" 200 None
2025-10-23 18:56:39,113 - __main__ - INFO - === get_applications_details: 20 IDs ===
2025-10-23 18:56:39,114 - __main__ - INFO - Запрос деталей для 20 откликов
2025-10-23 18:56:39,687 - urllib3.connectionpool - DEBUG - https://api.avito.ru:443 "POST /job/v1/applications/get_by_ids HTTP/1.1" 200 None
2025-10-23 18:56:39,688 - __main__ - INFO - Response status: 200
2025-10-23 18:56:39,688 - __main__ - INFO - Response text: {"applies":[{"applicant":{"data":{"name":"Аргишт Минасян"},"id":"117223996"},"contacts":{"chat":{"value":"u2i-SHpPA4~TxXOrF_T_0pOipQ"},"phones":[{"status":null,"value":"79187032985"}]},"created_at":"2025-10-11T17:27:45.921134+03:00","employee_id":null,"enriched_properties":null,"id":"68ea696257335926a7aad26f","is_viewed":true,"negotiation_id":944650018,"price":{"bonus":0,"real":6900,"total":6900},"type":"by_phone","updated_at":"2025-10-13T04:52:54Z","vacancy_id":7666812567},{"applicant":{"data":
2025-10-23 18:56:39,689 - __main__ - INFO - Response keys: dict_keys(['applies'])
2025-10-23 18:56:39,689 - __main__ - INFO - Получено откликов с деталями: 20
2025-10-23 18:56:39,694 - __main__ - INFO - Сохранено в БД: 20 откликов
2025-10-23 18:56:39,695 - werkzeug - INFO - 127.0.0.1 - - [23/Oct/2025 18:56:39] "POST /api/applications/details HTTP/1.1" 200 -
2025-10-23 18:56:40,014 - __main__ - INFO - === get_applications_details: 20 IDs ===
2025-10-23 18:56:40,015 - __main__ - INFO - Запрос деталей для 20 откликов
2025-10-23 18:56:40,184 - __main__ - INFO - Получено чатов для анализа: 1100
2025-10-23 18:56:40,186 - __main__ - INFO - Метрики: {'wrote_read_no_reply': 497, 'wrote_unread': 484, 'not_wrote': 0, 'waiting_reply': 86, 'auto_reply_sent': 33}
2025-10-23 18:56:40,191 - werkzeug - INFO - 127.0.0.1 - - [23/Oct/2025 18:56:40] "GET /api/chats/metrics HTTP/1.1" 200 -
2025-10-23 18:56:40,326 - werkzeug - INFO - 127.0.0.1 - - [23/Oct/2025 18:56:40] "GET /api/chats/all HTTP/1.1" 200 -
2025-10-23 18:56:40,583 - urllib3.connectionpool - DEBUG - https://api.avito.ru:443 "POST /job/v1/applications/get_by_ids HTTP/1.1" 200 None
2025-10-23 18:56:40,584 - __main__ - INFO - Response status: 200
2025-10-23 18:56:40,584 - __main__ - INFO - Response text: {"applies":[{"applicant":{"data":{"birthday":"1998-11-30","citizenship":"Россия","gender":"Мужской","name":"Паткин Александр Алексеевич"},"id":"407566176","resume_id":"7645245288"},"contacts":{"chat":{"value":"u2i-FMDhUXSssKujD4LWdNMIfA"},"phones":[{"status":null,"value":"79189954945"}]},"created_at":"2025-10-11T00:26:01.586361+03:00","employee_id":null,"enriched_properties":{"age":{"matching_status":"mismatched","value":26},"citizenship":{"matching_status":"no_criteria","value":"rus"},"full_nam
2025-10-23 18:56:40,585 - __main__ - INFO - Response keys: dict_keys(['applies'])
2025-10-23 18:56:40,585 - __main__ - INFO - Получено откликов с деталями: 20
2025-10-23 18:56:40,591 - __main__ - INFO - Сохранено в БД: 20 откликов
2025-10-23 18:56:40,592 - werkzeug - INFO - 127.0.0.1 - - [23/Oct/2025 18:56:40] "POST /api/applications/details HTTP/1.1" 200 -
2025-10-23 18:56:40,900 - __main__ - INFO - === get_applications_details: 20 IDs ===
2025-10-23 18:56:40,900 - __main__ - INFO - Запрос деталей для 20 откликов
2025-10-23 18:56:41,477 - urllib3.connectionpool - DEBUG - https://api.avito.ru:443 "POST /job/v1/applications/get_by_ids HTTP/1.1" 200 None
2025-10-23 18:56:41,478 - __main__ - INFO - Response status: 200
2025-10-23 18:56:41,478 - __main__ - INFO - Response text: {"applies":[{"applicant":{"data":{"birthday":"1996-06-17","citizenship":"Россия","gender":"Мужской","name":"Пигольчук Василий Александрович"},"id":"408097951","resume_id":"7356058661"},"contacts":{"chat":{"value":"u2i-GNfJseDVZ4ps6_iLNLOS8Q"},"phones":[{"status":null,"value":"79123679087"}]},"created_at":"2025-10-09T16:51:34.085886+03:00","employee_id":null,"enriched_properties":{"age":{"matching_status":"mismatched","value":29},"citizenship":{"matching_status":"no_criteria","value":"rus"},"full
2025-10-23 18:56:41,479 - __main__ - INFO - Response keys: dict_keys(['applies'])
2025-10-23 18:56:41,479 - __main__ - INFO - Получено откликов с деталями: 20
2025-10-23 18:56:41,484 - __main__ - INFO - Сохранено в БД: 20 откликов
2025-10-23 18:56:41,485 - werkzeug - INFO - 127.0.0.1 - - [23/Oct/2025 18:56:41] "POST /api/applications/details HTTP/1.1" 200 -
2025-10-23 18:56:41,489 - __main__ - INFO - === get_applications_details: 20 IDs ===
2025-10-23 18:56:41,490 - __main__ - INFO - Запрос деталей для 20 откликов
2025-10-23 18:56:41,798 - urllib3.connectionpool - DEBUG - https://api.avito.ru:443 "POST /job/v1/applications/get_by_ids HTTP/1.1" 200 None
2025-10-23 18:56:41,799 - __main__ - INFO - Response status: 200
2025-10-23 18:56:41,799 - __main__ - INFO - Response text: {"applies":[{"applicant":{"data":{"birthday":"2001-02-26","citizenship":"rus","name":"Асадуллин Ильнур венерович"},"id":"220921475"},"contacts":{"chat":{"value":"u2i-kNkUqfvhi59w0V5N3pPBwg"},"phones":[{"status":null,"value":"79179676455"}]},"created_at":"2025-10-07T21:17:07.588307+03:00","employee_id":null,"enriched_properties":{"age":{"matching_status":"matched","value":24},"citizenship":{"matching_status":"no_criteria","value":"rus"},"full_name":{"matching_status":"no_criteria","value":"Асадул
2025-10-23 18:56:41,799 - __main__ - INFO - Response keys: dict_keys(['applies'])
2025-10-23 18:56:41,800 - __main__ - INFO - Получено откликов с деталями: 20
2025-10-23 18:56:41,805 - __main__ - INFO - Сохранено в БД: 20 откликов
2025-10-23 18:56:41,805 - werkzeug - INFO - 127.0.0.1 - - [23/Oct/2025 18:56:41] "POST /api/applications/details HTTP/1.1" 200 -
2025-10-23 18:56:42,116 - __main__ - INFO - === get_applications_details: 20 IDs ===
2025-10-23 18:56:42,116 - __main__ - INFO - Запрос деталей для 20 откликов
2025-10-23 18:56:42,685 - urllib3.connectionpool - DEBUG - https://api.avito.ru:443 "POST /job/v1/applications/get_by_ids HTTP/1.1" 200 None
2025-10-23 18:56:42,685 - __main__ - INFO - Response status: 200
2025-10-23 18:56:42,685 - __main__ - INFO - Response text: {"applies":[{"applicant":{"data":{"birthday":"2005-09-27","citizenship":"Россия","gender":"Мужской","name":"Перетокин Александр Валентинович"},"id":"379657051","resume_id":"7704797421"},"contacts":{"chat":{"value":"u2i-M57POSzUFAf~9VsR~f63mg"},"phones":[{"status":null,"value":"79940081463"}]},"created_at":"2025-10-06T17:57:32.108805+03:00","employee_id":null,"enriched_properties":{"age":{"matching_status":"matched","value":20},"citizenship":{"matching_status":"no_criteria","value":"rus"},"full_n
2025-10-23 18:56:42,686 - __main__ - INFO - Response keys: dict_keys(['applies'])
2025-10-23 18:56:42,686 - __main__ - INFO - Получено откликов с деталями: 20
2025-10-23 18:56:42,696 - __main__ - INFO - Сохранено в БД: 20 откликов
2025-10-23 18:56:42,697 - werkzeug - INFO - 127.0.0.1 - - [23/Oct/2025 18:56:42] "POST /api/applications/details HTTP/1.1" 200 -
2025-10-23 18:56:42,702 - __main__ - INFO - === get_applications_details: 20 IDs ===
2025-10-23 18:56:42,702 - __main__ - INFO - Запрос деталей для 20 откликов
2025-10-23 18:56:43,266 - urllib3.connectionpool - DEBUG - https://api.avito.ru:443 "POST /job/v1/applications/get_by_ids HTTP/1.1" 200 None
2025-10-23 18:56:43,266 - __main__ - INFO - Response status: 200
2025-10-23 18:56:43,267 - __main__ - INFO - Response text: {"applies":[{"applicant":{"data":{"birthday":"1990-11-19","citizenship":"Казахстан","education":"Среднее специальное","gender":"Мужской","name":"Костяников Андрей Викторович"},"id":"418941687","resume_id":"7636870329"},"contacts":{"chat":{"value":"u2i-v8eiMNJty6Oh0kApFIRkhw"},"phones":[{"status":null,"value":"79137099582"}]},"created_at":"2025-10-05T06:08:12.206383+03:00","employee_id":null,"enriched_properties":{"age":{"matching_status":"mismatched","value":34},"citizenship":{"matching_status":
2025-10-23 18:56:43,267 - __main__ - INFO - Response keys: dict_keys(['applies'])
2025-10-23 18:56:43,267 - __main__ - INFO - Получено откликов с деталями: 20
2025-10-23 18:56:43,276 - __main__ - INFO - Сохранено в БД: 20 откликов
2025-10-23 18:56:43,277 - werkzeug - INFO - 127.0.0.1 - - [23/Oct/2025 18:56:43] "POST /api/applications/details HTTP/1.1" 200 -
2025-10-23 18:56:43,596 - __main__ - INFO - === get_applications_details: 20 IDs ===
2025-10-23 18:56:43,597 - __main__ - INFO - Запрос деталей для 20 откликов
2025-10-23 18:56:44,164 - urllib3.connectionpool - DEBUG - https://api.avito.ru:443 "POST /job/v1/applications/get_by_ids HTTP/1.1" 200 None
2025-10-23 18:56:44,165 - __main__ - INFO - Response status: 200
2025-10-23 18:56:44,166 - __main__ - INFO - Response text: {"applies":[{"applicant":{"data":{"birthday":"2004-04-12","citizenship":"Россия","gender":"Мужской","name":"Фогель Станислав Витальевич"},"id":"391655020","resume_id":"4618451546"},"contacts":{"chat":{"value":"u2i-vh432fUx5jyf_RL8jKpguA"},"phones":[{"status":null,"value":"79130820961"}]},"created_at":"2025-10-04T08:40:15.423326+03:00","employee_id":null,"enriched_properties":{"age":{"matching_status":"matched","value":21},"citizenship":{"matching_status":"no_criteria","value":"rus"},"full_name":
2025-10-23 18:56:44,166 - __main__ - INFO - Response keys: dict_keys(['applies'])
2025-10-23 18:56:44,167 - __main__ - INFO - Получено откликов с деталями: 20
2025-10-23 18:56:44,172 - __main__ - INFO - Сохранено в БД: 20 откликов
2025-10-23 18:56:44,173 - werkzeug - INFO - 127.0.0.1 - - [23/Oct/2025 18:56:44] "POST /api/applications/details HTTP/1.1" 200 -
2025-10-23 18:56:44,177 - __main__ - INFO - === get_applications_details: 20 IDs ===
2025-10-23 18:56:44,177 - __main__ - INFO - Запрос деталей для 20 откликов
2025-10-23 18:56:44,731 - __main__ - INFO - === get_job_applications: days=7, limit=100 ===
2025-10-23 18:56:44,732 - __main__ - INFO - Запрос откликов с датой: 2025-10-16
2025-10-23 18:56:44,733 - werkzeug - INFO - 127.0.0.1 - - [23/Oct/2025 18:56:44] "GET /api/auto-reply/status HTTP/1.1" 200 -
2025-10-23 18:56:44,747 - urllib3.connectionpool - DEBUG - https://api.avito.ru:443 "POST /job/v1/applications/get_by_ids HTTP/1.1" 200 None
2025-10-23 18:56:44,747 - __main__ - INFO - Response status: 200
2025-10-23 18:56:44,748 - __main__ - INFO - Response text: {"applies":[{"applicant":{"data":{"birthday":"1988-09-09","citizenship":"rus","name":"алексей александрович фадеев"},"id":"71800961"},"contacts":{"chat":{"value":"u2i-ku~MxsaKnDEYmquST6wemg"},"phones":[{"status":null,"value":"79538018353"}]},"created_at":"2025-10-03T10:28:24.002604+03:00","employee_id":null,"enriched_properties":{"age":{"matching_status":"mismatched","value":37},"citizenship":{"matching_status":"no_criteria","value":"rus"},"full_name":{"matching_status":"no_criteria","value":"ал
2025-10-23 18:56:44,748 - __main__ - INFO - Response keys: dict_keys(['applies'])
2025-10-23 18:56:44,748 - __main__ - INFO - Получено откликов с деталями: 20
2025-10-23 18:56:44,753 - __main__ - INFO - Сохранено в БД: 20 откликов
2025-10-23 18:56:44,754 - werkzeug - INFO - 127.0.0.1 - - [23/Oct/2025 18:56:44] "POST /api/applications/details HTTP/1.1" 200 -
2025-10-23 18:56:45,030 - urllib3.connectionpool - DEBUG - https://api.avito.ru:443 "GET /job/v1/applications/get_ids?limit=100&updatedAtFrom=2025-10-16 HTTP/1.1" 200 None
2025-10-23 18:56:45,031 - __main__ - INFO - Response type: <class 'requests.models.Response'>
2025-10-23 18:56:45,031 - __main__ - INFO - Status code: 200
2025-10-23 18:56:45,031 - __main__ - INFO - Response text: {"applies":[{"created_at":"2025-10-23T16:18:17.701491+03:00","id":"68fa2b1a57335926a7446657","updated_at":"2025-10-23T13:38:12Z"},{"created_at":"2025-10-23T10:54:13.201817+03:00","id":"68f9df2557335926a7ea82e3","updated_at":"2025-10-23T10:31:58Z"},{"created_at":"2025-10-23T10:16:09.808908+03:00","id":"68f9d63a57335926a7a63d00","updated_at":"2025-10-23T09:25:44Z"},{"created_at":"2025-10-22T23:04:26.619384+03:00","id":"68f938cc57335926a7acbcbb","updated_at":"2025-10-23T09:39:45Z"},{"created_at":"2
2025-10-23 18:56:45,031 - __main__ - INFO - Response JSON keys: dict_keys(['applies'])
2025-10-23 18:56:45,032 - __main__ - INFO - Найдено откликов: 100
2025-10-23 18:56:45,032 - __main__ - INFO - IDs откликов: ['68fa2b1a57335926a7446657', '68f9df2557335926a7ea82e3', '68f9d63a57335926a7a63d00', '68f938cc57335926a7acbcbb', '68f91f7957335926a725811e']...
2025-10-23 18:56:45,033 - werkzeug - INFO - 127.0.0.1 - - [23/Oct/2025 18:56:45] "GET /api/applications?days=7&limit=100 HTTP/1.1" 200 -
2025-10-23 18:56:45,042 - urllib3.connectionpool - DEBUG - https://api.avito.ru:443 "GET /core/v1/accounts/316615541/balance/ HTTP/1.1" 200 25
2025-10-23 18:56:45,044 - werkzeug - INFO - 127.0.0.1 - - [23/Oct/2025 18:56:45] "GET /api/balance HTTP/1.1" 200 -
2025-10-23 18:56:45,065 - __main__ - INFO - === get_applications_details: 20 IDs ===
2025-10-23 18:56:45,065 - __main__ - INFO - Запрос деталей для 20 откликов
2025-10-23 18:56:45,646 - urllib3.connectionpool - DEBUG - https://api.avito.ru:443 "POST /job/v1/applications/get_by_ids HTTP/1.1" 200 None
2025-10-23 18:56:45,647 - __main__ - INFO - Response status: 200
2025-10-23 18:56:45,647 - __main__ - INFO - Response text: {"applies":[{"applicant":{"data":{"birthday":"1982-04-01","citizenship":"Россия","gender":"Мужской","name":"Крючков Сергей Владимирович"},"id":"420407729","resume_id":"7662529038"},"contacts":{"chat":{"value":"u2i-Ct37I_LmcNJRvGD5oW0Ajw"},"phones":[{"status":null,"value":"79539386636"}]},"created_at":"2025-10-02T18:33:41.64674+03:00","employee_id":null,"enriched_properties":{"age":{"matching_status":"mismatched","value":43},"citizenship":{"matching_status":"no_criteria","value":"rus"},"full_name
2025-10-23 18:56:45,648 - __main__ - INFO - Response keys: dict_keys(['applies'])
2025-10-23 18:56:45,648 - __main__ - INFO - Получено откликов с деталями: 20
2025-10-23 18:56:45,657 - __main__ - INFO - Сохранено в БД: 20 откликов
2025-10-23 18:56:45,658 - werkzeug - INFO - 127.0.0.1 - - [23/Oct/2025 18:56:45] "POST /api/applications/details HTTP/1.1" 200 -
2025-10-23 18:56:45,981 - __main__ - INFO - === get_applications_details: 20 IDs ===
2025-10-23 18:56:45,981 - __main__ - INFO - Запрос деталей для 20 откликов
2025-10-23 18:56:46,572 - urllib3.connectionpool - DEBUG - https://api.avito.ru:443 "POST /job/v1/applications/get_by_ids HTTP/1.1" 200 None
2025-10-23 18:56:46,573 - __main__ - INFO - Response status: 200
2025-10-23 18:56:46,573 - __main__ - INFO - Response text: {"applies":[{"applicant":{"data":{"name":"Суриков Михаил Михайлович"},"id":"414530279"},"contacts":{"chat":{"value":"u2i-gKKwzGIflRgfxFv1vyuvkQ"},"phones":[{"status":null,"value":"79212294374"}]},"created_at":"2025-09-30T15:39:04.804963+03:00","employee_id":null,"enriched_properties":null,"id":"68dbcf692c1693c1b66e887f","is_viewed":true,"negotiation_id":937036905,"price":{"bonus":0,"real":8000,"total":8000},"type":"by_phone","updated_at":"2025-09-30T12:44:51Z","vacancy_id":7634454163},{"applican
2025-10-23 18:56:46,574 - __main__ - INFO - Response keys: dict_keys(['applies'])
2025-10-23 18:56:46,575 - __main__ - INFO - Получено откликов с деталями: 20
2025-10-23 18:56:46,581 - __main__ - INFO - Сохранено в БД: 20 откликов
2025-10-23 18:56:46,582 - werkzeug - INFO - 127.0.0.1 - - [23/Oct/2025 18:56:46] "POST /api/applications/details HTTP/1.1" 200 -
2025-10-23 18:56:46,587 - __main__ - INFO - === get_applications_details: 6 IDs ===
2025-10-23 18:56:46,588 - __main__ - INFO - Запрос деталей для 6 откликов
2025-10-23 18:56:46,897 - urllib3.connectionpool - DEBUG - https://api.avito.ru:443 "POST /job/v1/applications/get_by_ids HTTP/1.1" 200 None
2025-10-23 18:56:46,897 - __main__ - INFO - Response status: 200
2025-10-23 18:56:46,898 - __main__ - INFO - Response text: {"applies":[{"applicant":{"data":{"birthday":"1993-08-14","citizenship":"rus","name":"Владимир Геннадьевич Брилкин"},"id":"400490875"},"contacts":{"chat":{"value":"u2i-97oFXOI5oGPAMK2GfmLLrg"},"phones":[{"status":null,"value":"79516155285"}]},"created_at":"2025-09-01T16:50:42.743454+03:00","employee_id":null,"enriched_properties":{"age":{"matching_status":"mismatched","value":32},"citizenship":{"matching_status":"matched","value":"rus"},"full_name":{"matching_status":"no_criteria","value":"Влади
2025-10-23 18:56:46,898 - __main__ - INFO - Response keys: dict_keys(['applies'])
2025-10-23 18:56:46,898 - __main__ - INFO - Получено откликов с деталями: 6
2025-10-23 18:56:46,903 - __main__ - INFO - Сохранено в БД: 6 откликов
2025-10-23 18:56:46,904 - werkzeug - INFO - 127.0.0.1 - - [23/Oct/2025 18:56:46] "POST /api/applications/details HTTP/1.1" 200 -
2025-10-23 18:57:14,733 - __main__ - INFO - === get_job_applications: days=7, limit=100 ===
2025-10-23 18:57:14,733 - __main__ - INFO - Запрос откликов с датой: 2025-10-16
2025-10-23 18:57:14,735 - werkzeug - INFO - 127.0.0.1 - - [23/Oct/2025 18:57:14] "GET /api/auto-reply/status HTTP/1.1" 200 -
2025-10-23 18:57:15,037 - urllib3.connectionpool - DEBUG - https://api.avito.ru:443 "GET /job/v1/applications/get_ids?limit=100&updatedAtFrom=2025-10-16 HTTP/1.1" 200 None
2025-10-23 18:57:15,038 - __main__ - INFO - Response type: <class 'requests.models.Response'>
2025-10-23 18:57:15,038 - __main__ - INFO - Status code: 200
2025-10-23 18:57:15,038 - __main__ - INFO - Response text: {"applies":[{"created_at":"2025-10-23T16:18:17.701491+03:00","id":"68fa2b1a57335926a7446657","updated_at":"2025-10-23T13:38:12Z"},{"created_at":"2025-10-23T10:54:13.201817+03:00","id":"68f9df2557335926a7ea82e3","updated_at":"2025-10-23T10:31:58Z"},{"created_at":"2025-10-23T10:16:09.808908+03:00","id":"68f9d63a57335926a7a63d00","updated_at":"2025-10-23T09:25:44Z"},{"created_at":"2025-10-22T23:04:26.619384+03:00","id":"68f938cc57335926a7acbcbb","updated_at":"2025-10-23T09:39:45Z"},{"created_at":"2
2025-10-23 18:57:15,038 - __main__ - INFO - Response JSON keys: dict_keys(['applies'])
2025-10-23 18:57:15,039 - __main__ - INFO - Найдено откликов: 100
2025-10-23 18:57:15,039 - __main__ - INFO - IDs откликов: ['68fa2b1a57335926a7446657', '68f9df2557335926a7ea82e3', '68f9d63a57335926a7a63d00', '68f938cc57335926a7acbcbb', '68f91f7957335926a725811e']...
2025-10-23 18:57:15,040 - werkzeug - INFO - 127.0.0.1 - - [23/Oct/2025 18:57:15] "GET /api/applications?days=7&limit=100 HTTP/1.1" 200 -
2025-10-23 18:57:15,049 - urllib3.connectionpool - DEBUG - https://api.avito.ru:443 "GET /core/v1/accounts/316615541/balance/ HTTP/1.1" 200 25
2025-10-23 18:57:15,050 - werkzeug - INFO - 127.0.0.1 - - [23/Oct/2025 18:57:15] "GET /api/balance HTTP/1.1" 200 -
2025-10-23 18:57:44,727 - __main__ - INFO - === get_job_applications: days=7, limit=100 ===
2025-10-23 18:57:44,727 - __main__ - INFO - Запрос откликов с датой: 2025-10-16
2025-10-23 18:57:44,728 - werkzeug - INFO - 127.0.0.1 - - [23/Oct/2025 18:57:44] "GET /api/auto-reply/status HTTP/1.1" 200 -
2025-10-23 18:57:44,747 - urllib3.connectionpool - DEBUG - https://api.avito.ru:443 "GET /core/v1/accounts/316615541/balance/ HTTP/1.1" 200 25
2025-10-23 18:57:44,748 - werkzeug - INFO - 127.0.0.1 - - [23/Oct/2025 18:57:44] "GET /api/balance HTTP/1.1" 200 -
2025-10-23 18:57:45,025 - urllib3.connectionpool - DEBUG - https://api.avito.ru:443 "GET /job/v1/applications/get_ids?limit=100&updatedAtFrom=2025-10-16 HTTP/1.1" 200 None
2025-10-23 18:57:45,026 - __main__ - INFO - Response type: <class 'requests.models.Response'>
2025-10-23 18:57:45,026 - __main__ - INFO - Status code: 200
2025-10-23 18:57:45,027 - __main__ - INFO - Response text: {"applies":[{"created_at":"2025-10-23T16:18:17.701491+03:00","id":"68fa2b1a57335926a7446657","updated_at":"2025-10-23T13:38:12Z"},{"created_at":"2025-10-23T10:54:13.201817+03:00","id":"68f9df2557335926a7ea82e3","updated_at":"2025-10-23T10:31:58Z"},{"created_at":"2025-10-23T10:16:09.808908+03:00","id":"68f9d63a57335926a7a63d00","updated_at":"2025-10-23T09:25:44Z"},{"created_at":"2025-10-22T23:04:26.619384+03:00","id":"68f938cc57335926a7acbcbb","updated_at":"2025-10-23T09:39:45Z"},{"created_at":"2
2025-10-23 18:57:45,027 - __main__ - INFO - Response JSON keys: dict_keys(['applies'])
2025-10-23 18:57:45,027 - __main__ - INFO - Найдено откликов: 100
2025-10-23 18:57:45,027 - __main__ - INFO - IDs откликов: ['68fa2b1a57335926a7446657', '68f9df2557335926a7ea82e3', '68f9d63a57335926a7a63d00', '68f938cc57335926a7acbcbb', '68f91f7957335926a725811e']...
2025-10-23 18:57:45,028 - werkzeug - INFO - 127.0.0.1 - - [23/Oct/2025 18:57:45] "GET /api/applications?days=7&limit=100 HTTP/1.1" 200 -
2025-10-23 18:58:14,726 - __main__ - INFO - === get_job_applications: days=7, limit=100 ===
2025-10-23 18:58:14,727 - __main__ - INFO - Запрос откликов с датой: 2025-10-16
2025-10-23 18:58:14,727 - werkzeug - INFO - 127.0.0.1 - - [23/Oct/2025 18:58:14] "GET /api/auto-reply/status HTTP/1.1" 200 -
2025-10-23 18:58:15,031 - urllib3.connectionpool - DEBUG - https://api.avito.ru:443 "GET /job/v1/applications/get_ids?limit=100&updatedAtFrom=2025-10-16 HTTP/1.1" 200 None
2025-10-23 18:58:15,032 - __main__ - INFO - Response type: <class 'requests.models.Response'>
2025-10-23 18:58:15,032 - __main__ - INFO - Status code: 200
2025-10-23 18:58:15,032 - __main__ - INFO - Response text: {"applies":[{"created_at":"2025-10-23T16:18:17.701491+03:00","id":"68fa2b1a57335926a7446657","updated_at":"2025-10-23T13:38:12Z"},{"created_at":"2025-10-23T10:54:13.201817+03:00","id":"68f9df2557335926a7ea82e3","updated_at":"2025-10-23T10:31:58Z"},{"created_at":"2025-10-23T10:16:09.808908+03:00","id":"68f9d63a57335926a7a63d00","updated_at":"2025-10-23T09:25:44Z"},{"created_at":"2025-10-22T23:04:26.619384+03:00","id":"68f938cc57335926a7acbcbb","updated_at":"2025-10-23T09:39:45Z"},{"created_at":"2
2025-10-23 18:58:15,033 - __main__ - INFO - Response JSON keys: dict_keys(['applies'])
2025-10-23 18:58:15,033 - __main__ - INFO - Найдено откликов: 100
2025-10-23 18:58:15,033 - __main__ - INFO - IDs откликов: ['68fa2b1a57335926a7446657', '68f9df2557335926a7ea82e3', '68f9d63a57335926a7a63d00', '68f938cc57335926a7acbcbb', '68f91f7957335926a725811e']...
2025-10-23 18:58:15,034 - werkzeug - INFO - 127.0.0.1 - - [23/Oct/2025 18:58:15] "GET /api/applications?days=7&limit=100 HTTP/1.1" 200 -
2025-10-23 18:58:15,089 - urllib3.connectionpool - DEBUG - https://api.avito.ru:443 "GET /core/v1/accounts/316615541/balance/ HTTP/1.1" 200 25
2025-10-23 18:58:15,090 - werkzeug - INFO - 127.0.0.1 - - [23/Oct/2025 18:58:15] "GET /api/balance HTTP/1.1" 200 -
2025-10-23 18:58:44,382 - werkzeug - INFO - 127.0.0.1 - - [23/Oct/2025 18:58:44] "POST /api/auto-reply/toggle HTTP/1.1" 200 -
2025-10-23 18:58:44,693 - werkzeug - INFO - 127.0.0.1 - - [23/Oct/2025 18:58:44] "GET /api/auto-reply/status HTTP/1.1" 200 -
2025-10-23 18:58:44,718 - __main__ - INFO - === get_job_applications: days=7, limit=100 ===
2025-10-23 18:58:44,719 - __main__ - INFO - Запрос откликов с датой: 2025-10-16
2025-10-23 18:58:44,721 - urllib3.connectionpool - DEBUG - Resetting dropped connection: api.avito.ru
2025-10-23 18:58:44,948 - werkzeug - INFO - 127.0.0.1 - - [23/Oct/2025 18:58:44] "GET /api/auto-reply/status HTTP/1.1" 200 -
2025-10-23 18:58:45,040 - urllib3.connectionpool - DEBUG - https://api.avito.ru:443 "GET /core/v1/accounts/316615541/balance/ HTTP/1.1" 200 25
2025-10-23 18:58:45,041 - werkzeug - INFO - 127.0.0.1 - - [23/Oct/2025 18:58:45] "GET /api/balance HTTP/1.1" 200 -
2025-10-23 18:58:45,078 - urllib3.connectionpool - DEBUG - https://api.avito.ru:443 "GET /messenger/v2/accounts/316615541/chats?limit=100&offset=0 HTTP/1.1" 200 None
2025-10-23 18:58:46,030 - urllib3.connectionpool - DEBUG - https://api.avito.ru:443 "GET /job/v1/applications/get_ids?limit=100&updatedAtFrom=2025-10-16 HTTP/1.1" 200 None
2025-10-23 18:58:46,031 - __main__ - INFO - Response type: <class 'requests.models.Response'>
2025-10-23 18:58:46,031 - __main__ - INFO - Status code: 200
2025-10-23 18:58:46,031 - __main__ - INFO - Response text: {"applies":[{"created_at":"2025-10-23T16:18:17.701491+03:00","id":"68fa2b1a57335926a7446657","updated_at":"2025-10-23T13:38:12Z"},{"created_at":"2025-10-23T10:54:13.201817+03:00","id":"68f9df2557335926a7ea82e3","updated_at":"2025-10-23T10:31:58Z"},{"created_at":"2025-10-23T10:16:09.808908+03:00","id":"68f9d63a57335926a7a63d00","updated_at":"2025-10-23T09:25:44Z"},{"created_at":"2025-10-22T23:04:26.619384+03:00","id":"68f938cc57335926a7acbcbb","updated_at":"2025-10-23T09:39:45Z"},{"created_at":"2
2025-10-23 18:58:46,031 - __main__ - INFO - Response JSON keys: dict_keys(['applies'])
2025-10-23 18:58:46,032 - __main__ - INFO - Найдено откликов: 100
2025-10-23 18:58:46,032 - __main__ - INFO - IDs откликов: ['68fa2b1a57335926a7446657', '68f9df2557335926a7ea82e3', '68f9d63a57335926a7a63d00', '68f938cc57335926a7acbcbb', '68f91f7957335926a725811e']...
2025-10-23 18:58:46,033 - werkzeug - INFO - 127.0.0.1 - - [23/Oct/2025 18:58:46] "GET /api/applications?days=7&limit=100 HTTP/1.1" 200 -
2025-10-23 18:58:47,325 - urllib3.connectionpool - DEBUG - https://api.avito.ru:443 "POST /messenger/v1/accounts/316615541/chats/u2i-MZ_EtJJAeFwiiKf659Qn2A/messages HTTP/1.1" 200 408
2025-10-23 18:58:47,343 - werkzeug - INFO - 127.0.0.1 - - [23/Oct/2025 18:58:47] "GET /api/auto-reply/status HTTP/1.1" 200 -
2025-10-23 18:58:47,805 - urllib3.connectionpool - DEBUG - https://api.avito.ru:443 "POST /messenger/v1/accounts/316615541/chats/u2i-Lzpv8bKtTf4AJfyVssMi4Q/messages HTTP/1.1" 200 408
2025-10-23 18:58:48,127 - werkzeug - INFO - 127.0.0.1 - - [23/Oct/2025 18:58:48] "GET /api/auto-reply/status HTTP/1.1" 200 -
2025-10-23 18:58:58,508 - urllib3.connectionpool - DEBUG - https://api.avito.ru:443 "GET /messenger/v2/accounts/316615541/chats?limit=100&offset=0 HTTP/1.1" 200 None
2025-10-23 18:59:04,244 - werkzeug - INFO - 127.0.0.1 - - [23/Oct/2025 18:59:04] "GET / HTTP/1.1" 200 -
2025-10-23 18:59:04,335 - werkzeug - INFO - 127.0.0.1 - - [23/Oct/2025 18:59:04] "GET /socket.io/?EIO=4&transport=polling&t=PeHouv_ HTTP/1.1" 200 -
2025-10-23 18:59:04,699 - __main__ - INFO - === get_job_applications: days=7, limit=100 ===
2025-10-23 18:59:04,700 - __main__ - INFO - === api_chat_metrics ===
2025-10-23 18:59:04,701 - __main__ - INFO - Запрос откликов с датой: 2025-10-16
2025-10-23 18:59:04,702 - __main__ - INFO - === get_all_job_applications: days=30 ===
2025-10-23 18:59:04,703 - __main__ - INFO - Получение всех чатов через пагинацию...
2025-10-23 18:59:04,703 - __main__ - INFO - Запрос ВСЕХ откликов с датой: 2025-09-23
2025-10-23 18:59:04,704 - werkzeug - INFO - 127.0.0.1 - - [23/Oct/2025 18:59:04] "GET /api/auto-reply/status HTTP/1.1" 200 -
2025-10-23 18:59:04,706 - __main__ - INFO - --- Страница 1 ---
2025-10-23 18:59:04,707 - __main__ - INFO - Запрос первой страницы откликов...
2025-10-23 18:59:04,710 - urllib3.connectionpool - DEBUG - Resetting dropped connection: api.avito.ru
2025-10-23 18:59:04,711 - urllib3.connectionpool - DEBUG - Resetting dropped connection: api.avito.ru
2025-10-23 18:59:04,788 - urllib3.connectionpool - DEBUG - https://api.avito.ru:443 "GET /core/v1/accounts/316615541/balance/ HTTP/1.1" 200 25
2025-10-23 18:59:04,789 - werkzeug - INFO - 127.0.0.1 - - [23/Oct/2025 18:59:04] "GET /api/balance HTTP/1.1" 200 -
2025-10-23 18:59:05,011 - urllib3.connectionpool - DEBUG - https://api.avito.ru:443 "GET /job/v1/applications/get_ids?limit=100&updatedAtFrom=2025-10-16 HTTP/1.1" 200 None
2025-10-23 18:59:05,012 - __main__ - INFO - Response type: <class 'requests.models.Response'>
2025-10-23 18:59:05,012 - __main__ - INFO - Status code: 200
2025-10-23 18:59:05,013 - __main__ - INFO - Response text: {"applies":[{"created_at":"2025-10-23T16:18:17.701491+03:00","id":"68fa2b1a57335926a7446657","updated_at":"2025-10-23T13:38:12Z"},{"created_at":"2025-10-23T10:54:13.201817+03:00","id":"68f9df2557335926a7ea82e3","updated_at":"2025-10-23T10:31:58Z"},{"created_at":"2025-10-23T10:16:09.808908+03:00","id":"68f9d63a57335926a7a63d00","updated_at":"2025-10-23T09:25:44Z"},{"created_at":"2025-10-22T23:04:26.619384+03:00","id":"68f938cc57335926a7acbcbb","updated_at":"2025-10-23T09:39:45Z"},{"created_at":"2
2025-10-23 18:59:05,013 - __main__ - INFO - Response JSON keys: dict_keys(['applies'])
2025-10-23 18:59:05,013 - __main__ - INFO - Найдено откликов: 100
2025-10-23 18:59:05,014 - __main__ - INFO - IDs откликов: ['68fa2b1a57335926a7446657', '68f9df2557335926a7ea82e3', '68f9d63a57335926a7a63d00', '68f938cc57335926a7acbcbb', '68f91f7957335926a725811e']...
2025-10-23 18:59:05,015 - werkzeug - INFO - 127.0.0.1 - - [23/Oct/2025 18:59:05] "GET /api/applications?days=7&limit=100 HTTP/1.1" 200 -
2025-10-23 18:59:05,017 - werkzeug - INFO - 127.0.0.1 - - [23/Oct/2025 18:59:05] "POST /socket.io/?EIO=4&transport=polling&t=PeHoux7&sid=zvc_tMaU3O3-2uT5AAAC HTTP/1.1" 200 -
2025-10-23 18:59:05,097 - werkzeug - INFO - 127.0.0.1 - - [23/Oct/2025 18:59:05] "GET /socket.io/?EIO=4&transport=polling&t=PeHouxA&sid=zvc_tMaU3O3-2uT5AAAC HTTP/1.1" 200 -
2025-10-23 18:59:05,326 - werkzeug - INFO - 127.0.0.1 - - [23/Oct/2025 18:59:05] "GET /api/auto-reply/status HTTP/1.1" 200 -
2025-10-23 18:59:05,409 - urllib3.connectionpool - DEBUG - https://api.avito.ru:443 "GET /messenger/v2/accounts/316615541/chats?limit=100&offset=0 HTTP/1.1" 200 None
2025-10-23 18:59:06,028 - urllib3.connectionpool - DEBUG - https://api.avito.ru:443 "GET /job/v1/applications/get_ids?limit=100&updatedAtFrom=2025-09-23 HTTP/1.1" 200 None
2025-10-23 18:59:06,029 - __main__ - INFO - Response status: 200
2025-10-23 18:59:06,030 - __main__ - INFO - Получено откликов на странице: 100
2025-10-23 18:59:06,030 - __main__ - INFO - Всего откликов собрано: 100
2025-10-23 18:59:06,030 - __main__ - INFO - ID последнего отклика для cursor: 68f71fbc57335926a770...
2025-10-23 18:59:06,030 - __main__ - INFO - --- Страница 2 ---
2025-10-23 18:59:06,031 - __main__ - INFO - Запрос с cursor: 68f71fbc57335926a770...
2025-10-23 18:59:06,333 - urllib3.connectionpool - DEBUG - https://api.avito.ru:443 "GET /job/v1/applications/get_ids?limit=100&updatedAtFrom=2025-09-23&cursor=68f71fbc57335926a770e46e HTTP/1.1" 200 None
2025-10-23 18:59:06,334 - __main__ - INFO - Response status: 200
2025-10-23 18:59:06,335 - __main__ - INFO - Получено откликов на странице: 100
2025-10-23 18:59:06,335 - __main__ - INFO - Всего откликов собрано: 200
2025-10-23 18:59:06,335 - __main__ - INFO - ID последнего отклика для cursor: 68f58fad57335926a76d...
2025-10-23 18:59:06,335 - __main__ - INFO - --- Страница 3 ---
2025-10-23 18:59:06,335 - __main__ - INFO - Запрос с cursor: 68f58fad57335926a76d...
2025-10-23 18:59:06,416 - urllib3.connectionpool - DEBUG - https://api.avito.ru:443 "GET /messenger/v2/accounts/316615541/chats?limit=100&offset=0 HTTP/1.1" 200 None
2025-10-23 18:59:06,633 - urllib3.connectionpool - DEBUG - https://api.avito.ru:443 "GET /job/v1/applications/get_ids?limit=100&updatedAtFrom=2025-09-23&cursor=68f58fad57335926a76da0f3 HTTP/1.1" 200 None
2025-10-23 18:59:06,634 - __main__ - INFO - Response status: 200
2025-10-23 18:59:06,634 - __main__ - INFO - Получено откликов на странице: 100
2025-10-23 18:59:06,634 - __main__ - INFO - Всего откликов собрано: 300
2025-10-23 18:59:06,635 - __main__ - INFO - ID последнего отклика для cursor: 68ef891d57335926a7ed...
2025-10-23 18:59:06,635 - __main__ - INFO - --- Страница 4 ---
2025-10-23 18:59:06,635 - __main__ - INFO - Запрос с cursor: 68ef891d57335926a7ed...
2025-10-23 18:59:06,906 - urllib3.connectionpool - DEBUG - https://api.avito.ru:443 "GET /messenger/v2/accounts/316615541/chats?limit=100&offset=100 HTTP/1.1" 200 None
2025-10-23 18:59:06,928 - urllib3.connectionpool - DEBUG - https://api.avito.ru:443 "GET /job/v1/applications/get_ids?limit=100&updatedAtFrom=2025-09-23&cursor=68ef891d57335926a7ed1206 HTTP/1.1" 200 None
2025-10-23 18:59:06,928 - __main__ - INFO - Response status: 200
2025-10-23 18:59:06,929 - __main__ - INFO - Получено откликов на странице: 100
2025-10-23 18:59:06,929 - __main__ - INFO - Всего откликов собрано: 400
2025-10-23 18:59:06,929 - __main__ - INFO - ID последнего отклика для cursor: 68ee40e557335926a7bf...
2025-10-23 18:59:06,929 - __main__ - INFO - --- Страница 5 ---
2025-10-23 18:59:06,929 - __main__ - INFO - Запрос с cursor: 68ee40e557335926a7bf...
2025-10-23 18:59:07,225 - urllib3.connectionpool - DEBUG - https://api.avito.ru:443 "GET /job/v1/applications/get_ids?limit=100&updatedAtFrom=2025-09-23&cursor=68ee40e557335926a7bf3f69 HTTP/1.1" 200 None
2025-10-23 18:59:07,225 - __main__ - INFO - Response status: 200
2025-10-23 18:59:07,226 - __main__ - INFO - Получено откликов на странице: 100
2025-10-23 18:59:07,226 - __main__ - INFO - Всего откликов собрано: 500
2025-10-23 18:59:07,226 - __main__ - INFO - ID последнего отклика для cursor: 68e7bde72c1693c1b640...
2025-10-23 18:59:07,226 - __main__ - INFO - --- Страница 6 ---
2025-10-23 18:59:07,226 - __main__ - INFO - Запрос с cursor: 68e7bde72c1693c1b640...
2025-10-23 18:59:07,349 - urllib3.connectionpool - DEBUG - https://api.avito.ru:443 "GET /messenger/v2/accounts/316615541/chats?limit=100&offset=200 HTTP/1.1" 200 None
2025-10-23 18:59:07,521 - urllib3.connectionpool - DEBUG - https://api.avito.ru:443 "GET /job/v1/applications/get_ids?limit=100&updatedAtFrom=2025-09-23&cursor=68e7bde72c1693c1b6401454 HTTP/1.1" 200 None
2025-10-23 18:59:07,522 - __main__ - INFO - Response status: 200
2025-10-23 18:59:07,523 - __main__ - INFO - Получено откликов на странице: 100
2025-10-23 18:59:07,523 - __main__ - INFO - Всего откликов собрано: 600
2025-10-23 18:59:07,523 - __main__ - INFO - ID последнего отклика для cursor: 68df7b182c1693c1b6e9...
2025-10-23 18:59:07,524 - __main__ - INFO - --- Страница 7 ---
2025-10-23 18:59:07,524 - __main__ - INFO - Запрос с cursor: 68df7b182c1693c1b6e9...
2025-10-23 18:59:07,820 - urllib3.connectionpool - DEBUG - https://api.avito.ru:443 "GET /messenger/v2/accounts/316615541/chats?limit=100&offset=300 HTTP/1.1" 200 None
2025-10-23 18:59:07,830 - urllib3.connectionpool - DEBUG - https://api.avito.ru:443 "GET /job/v1/applications/get_ids?limit=100&updatedAtFrom=2025-09-23&cursor=68df7b182c1693c1b6e97d21 HTTP/1.1" 200 None
2025-10-23 18:59:07,835 - __main__ - INFO - Response status: 200
2025-10-23 18:59:07,835 - __main__ - INFO - Получено откликов на странице: 46
2025-10-23 18:59:07,835 - __main__ - INFO - Всего откликов собрано: 646
2025-10-23 18:59:07,835 - __main__ - INFO - ID последнего отклика для cursor: 68b5a4b31deb3bab0fde...
2025-10-23 18:59:07,836 - __main__ - INFO - Получено меньше лимита (46 < 100), последняя страница
2025-10-23 18:59:07,836 - __main__ - INFO - === ИТОГО: Получено 646 откликов за 7 страниц ===
2025-10-23 18:59:07,837 - __main__ - INFO - ✅ Все 646 ID уникальны - дубликатов нет
2025-10-23 18:59:07,838 - werkzeug - INFO - 127.0.0.1 - - [23/Oct/2025 18:59:07] "GET /api/applications/all?days=30 HTTP/1.1" 200 -
2025-10-23 18:59:07,869 - urllib3.connectionpool - DEBUG - https://api.avito.ru:443 "GET /messenger/v2/accounts/316615541/chats?limit=100&offset=100 HTTP/1.1" 200 None
2025-10-23 18:59:08,153 - __main__ - INFO - === get_applications_details: 20 IDs ===
2025-10-23 18:59:08,154 - __main__ - INFO - Запрос деталей для 20 откликов
2025-10-23 18:59:08,268 - urllib3.connectionpool - DEBUG - https://api.avito.ru:443 "GET /messenger/v2/accounts/316615541/chats?limit=100&offset=400 HTTP/1.1" 200 None
2025-10-23 18:59:08,464 - urllib3.connectionpool - DEBUG - https://api.avito.ru:443 "POST /job/v1/applications/get_by_ids HTTP/1.1" 200 None
2025-10-23 18:59:08,465 - __main__ - INFO - Response status: 200
2025-10-23 18:59:08,465 - __main__ - INFO - Response text: {"applies":[{"applicant":{"data":{"birthday":"2001-06-10","citizenship":"Россия","gender":"Мужской","name":"Потапов Антон Сергеевич"},"id":"403574381","resume_id":"7434870869"},"contacts":{"chat":{"value":"u2i-XWQVOBCC3k5cq~2CruL9ow"},"phones":[{"status":null,"value":"79016546327"}]},"created_at":"2025-10-22T10:53:59.659173+03:00","employee_id":null,"enriched_properties":{"age":{"matching_status":"matched","value":24},"citizenship":{"matching_status":"no_criteria","value":"rus"},"full_name":{"ma
2025-10-23 18:59:08,466 - __main__ - INFO - Response keys: dict_keys(['applies'])
2025-10-23 18:59:08,466 - __main__ - INFO - Получено откликов с деталями: 20
2025-10-23 18:59:08,476 - __main__ - INFO - Сохранено в БД: 20 откликов
2025-10-23 18:59:08,477 - werkzeug - INFO - 127.0.0.1 - - [23/Oct/2025 18:59:08] "POST /api/applications/details HTTP/1.1" 200 -
2025-10-23 18:59:08,545 - urllib3.connectionpool - DEBUG - https://api.avito.ru:443 "GET /messenger/v2/accounts/316615541/chats?limit=100&offset=200 HTTP/1.1" 200 None
2025-10-23 18:59:08,792 - __main__ - INFO - === get_applications_details: 20 IDs ===
2025-10-23 18:59:08,793 - __main__ - INFO - Запрос деталей для 20 откликов
2025-10-23 18:59:08,988 - urllib3.connectionpool - DEBUG - https://api.avito.ru:443 "GET /messenger/v2/accounts/316615541/chats?limit=100&offset=300 HTTP/1.1" 200 None
2025-10-23 18:59:09,097 - urllib3.connectionpool - DEBUG - https://api.avito.ru:443 "POST /job/v1/applications/get_by_ids HTTP/1.1" 200 None
2025-10-23 18:59:09,098 - __main__ - INFO - Response status: 200
2025-10-23 18:59:09,098 - __main__ - INFO - Response text: {"applies":[{"applicant":{"data":{"birthday":"1985-03-28","citizenship":"Россия","gender":"Мужской","name":"Мусин Ринат"},"id":"399421728","resume_id":"7453730545"},"contacts":{"chat":{"value":"u2i-Vk1Tq3un9oNp4W9BMXXp0g"},"phones":[{"status":null,"value":"79208771328"}]},"created_at":"2025-10-22T07:54:01.981028+03:00","employee_id":null,"enriched_properties":{"age":{"matching_status":"mismatched","value":40},"citizenship":{"matching_status":"no_criteria","value":"rus"},"full_name":{"matching_st
2025-10-23 18:59:09,099 - __main__ - INFO - Response keys: dict_keys(['applies'])
2025-10-23 18:59:09,099 - __main__ - INFO - Получено откликов с деталями: 20
2025-10-23 18:59:09,108 - __main__ - INFO - Сохранено в БД: 20 откликов
2025-10-23 18:59:09,109 - werkzeug - INFO - 127.0.0.1 - - [23/Oct/2025 18:59:09] "POST /api/applications/details HTTP/1.1" 200 -
2025-10-23 18:59:09,422 - urllib3.connectionpool - DEBUG - https://api.avito.ru:443 "GET /messenger/v2/accounts/316615541/chats?limit=100&offset=400 HTTP/1.1" 200 None
2025-10-23 18:59:09,427 - __main__ - INFO - === get_applications_details: 20 IDs ===
2025-10-23 18:59:09,427 - __main__ - INFO - Запрос деталей для 20 откликов
2025-10-23 18:59:09,718 - urllib3.connectionpool - DEBUG - https://api.avito.ru:443 "GET /messenger/v2/accounts/316615541/chats?limit=100&offset=500 HTTP/1.1" 200 None
2025-10-23 18:59:09,742 - urllib3.connectionpool - DEBUG - https://api.avito.ru:443 "POST /job/v1/applications/get_by_ids HTTP/1.1" 200 None
2025-10-23 18:59:09,743 - __main__ - INFO - Response status: 200
2025-10-23 18:59:09,743 - __main__ - INFO - Response text: {"applies":[{"applicant":{"data":{"birthday":"1996-07-18","citizenship":"Россия","education":"Среднее специальное","gender":"Мужской","name":"Сияшин Евгений Юрьевич"},"id":"65092615","resume_id":"4485064429"},"contacts":{"chat":{"value":"u2i-WpjryXkT7HQulnUR_XnhiA"},"phones":[{"status":null,"value":"79526392653"}]},"created_at":"2025-10-22T05:20:51.417179+03:00","employee_id":null,"enriched_properties":{"age":{"matching_status":"matched","value":29},"citizenship":{"matching_status":"no_criteria"
2025-10-23 18:59:09,744 - __main__ - INFO - Response keys: dict_keys(['applies'])
2025-10-23 18:59:09,744 - __main__ - INFO - Получено откликов с деталями: 20
2025-10-23 18:59:09,750 - __main__ - INFO - Сохранено в БД: 20 откликов
2025-10-23 18:59:09,751 - werkzeug - INFO - 127.0.0.1 - - [23/Oct/2025 18:59:09] "POST /api/applications/details HTTP/1.1" 200 -
2025-10-23 18:59:09,858 - urllib3.connectionpool - DEBUG - https://api.avito.ru:443 "GET /messenger/v2/accounts/316615541/chats?limit=100&offset=500 HTTP/1.1" 200 None
2025-10-23 18:59:10,064 - __main__ - INFO - === get_applications_details: 20 IDs ===
2025-10-23 18:59:10,064 - __main__ - INFO - Запрос деталей для 20 откликов
2025-10-23 18:59:10,140 - urllib3.connectionpool - DEBUG - https://api.avito.ru:443 "GET /messenger/v2/accounts/316615541/chats?limit=100&offset=600 HTTP/1.1" 200 None
2025-10-23 18:59:10,263 - urllib3.connectionpool - DEBUG - https://api.avito.ru:443 "GET /messenger/v2/accounts/316615541/chats?limit=100&offset=600 HTTP/1.1" 200 None
2025-10-23 18:59:10,371 - urllib3.connectionpool - DEBUG - https://api.avito.ru:443 "POST /job/v1/applications/get_by_ids HTTP/1.1" 200 None
2025-10-23 18:59:10,372 - __main__ - INFO - Response status: 200
2025-10-23 18:59:10,372 - __main__ - INFO - Response text: {"applies":[{"applicant":{"data":{"birthday":"1990-09-27","citizenship":"rus","name":"Драгунов Евгений Павлович"},"id":"143072287"},"contacts":{"chat":{"value":"u2i-AN8VlA0IjgWCMpzD4xdC0w"},"phones":[{"status":null,"value":"79531029340"}]},"created_at":"2025-10-21T10:06:12.637712+03:00","employee_id":null,"enriched_properties":{"age":{"matching_status":"mismatched","value":35},"citizenship":{"matching_status":"no_criteria","value":"rus"},"full_name":{"matching_status":"no_criteria","value":"Драг
2025-10-23 18:59:10,372 - __main__ - INFO - Response keys: dict_keys(['applies'])
2025-10-23 18:59:10,373 - __main__ - INFO - Получено откликов с деталями: 20
2025-10-23 18:59:10,383 - __main__ - INFO - Сохранено в БД: 20 откликов
2025-10-23 18:59:10,384 - werkzeug - INFO - 127.0.0.1 - - [23/Oct/2025 18:59:10] "POST /api/applications/details HTTP/1.1" 200 -
2025-10-23 18:59:10,554 - urllib3.connectionpool - DEBUG - https://api.avito.ru:443 "GET /messenger/v2/accounts/316615541/chats?limit=100&offset=700 HTTP/1.1" 200 None
2025-10-23 18:59:10,671 - urllib3.connectionpool - DEBUG - https://api.avito.ru:443 "GET /messenger/v2/accounts/316615541/chats?limit=100&offset=700 HTTP/1.1" 200 None
2025-10-23 18:59:10,692 - __main__ - INFO - === get_applications_details: 20 IDs ===
2025-10-23 18:59:10,693 - __main__ - INFO - Запрос деталей для 20 откликов
2025-10-23 18:59:10,995 - urllib3.connectionpool - DEBUG - https://api.avito.ru:443 "POST /job/v1/applications/get_by_ids HTTP/1.1" 200 None
2025-10-23 18:59:10,996 - __main__ - INFO - Response status: 200
2025-10-23 18:59:10,997 - __main__ - INFO - Response text: {"applies":[{"applicant":{"data":{"birthday":"1997-03-15","citizenship":"rus","name":"Хамроев Амир Негматович"},"id":"303638237"},"contacts":{"chat":{"value":"u2i-M6UHQrNKj_uu7J1bCP0wBg"},"phones":[{"status":null,"value":"79120879902"}]},"created_at":"2025-10-21T08:52:59.571933+03:00","employee_id":null,"enriched_properties":{"age":{"matching_status":"matched","value":28},"citizenship":{"matching_status":"no_criteria","value":"rus"},"full_name":{"matching_status":"no_criteria","value":"Хамроев А
2025-10-23 18:59:10,997 - __main__ - INFO - Response keys: dict_keys(['applies'])
2025-10-23 18:59:10,998 - __main__ - INFO - Получено откликов с деталями: 20
2025-10-23 18:59:11,003 - __main__ - INFO - Сохранено в БД: 20 откликов
2025-10-23 18:59:11,004 - werkzeug - INFO - 127.0.0.1 - - [23/Oct/2025 18:59:11] "POST /api/applications/details HTTP/1.1" 200 -
2025-10-23 18:59:11,011 - urllib3.connectionpool - DEBUG - https://api.avito.ru:443 "GET /messenger/v2/accounts/316615541/chats?limit=100&offset=0 HTTP/1.1" 200 None
2025-10-23 18:59:11,087 - urllib3.connectionpool - DEBUG - https://api.avito.ru:443 "GET /messenger/v2/accounts/316615541/chats?limit=100&offset=800 HTTP/1.1" 200 None
2025-10-23 18:59:11,181 - urllib3.connectionpool - DEBUG - https://api.avito.ru:443 "GET /messenger/v2/accounts/316615541/chats?limit=100&offset=800 HTTP/1.1" 200 None
2025-10-23 18:59:11,312 - __main__ - INFO - === get_applications_details: 20 IDs ===
2025-10-23 18:59:11,312 - __main__ - INFO - Запрос деталей для 20 откликов
2025-10-23 18:59:11,588 - urllib3.connectionpool - DEBUG - https://api.avito.ru:443 "GET /messenger/v2/accounts/316615541/chats?limit=100&offset=900 HTTP/1.1" 200 None
2025-10-23 18:59:11,617 - urllib3.connectionpool - DEBUG - https://api.avito.ru:443 "POST /job/v1/applications/get_by_ids HTTP/1.1" 200 None
2025-10-23 18:59:11,618 - __main__ - INFO - Response status: 200
2025-10-23 18:59:11,618 - __main__ - INFO - Response text: {"applies":[{"applicant":{"data":{"birthday":"1982-03-07","citizenship":"Россия","gender":"Мужской","name":"Петров Алексей Дмитриевич"},"id":"385867173","resume_id":"7714376182"},"contacts":{"chat":{"value":"u2i-oyQtU3yQUCo4GCDg_PvC7g"},"phones":[{"status":null,"value":"79245975785"}]},"created_at":"2025-10-21T08:00:57.23191+03:00","employee_id":null,"enriched_properties":{"age":{"matching_status":"mismatched","value":43},"citizenship":{"matching_status":"no_criteria","value":"rus"},"full_name":
2025-10-23 18:59:11,619 - __main__ - INFO - Response keys: dict_keys(['applies'])
2025-10-23 18:59:11,619 - __main__ - INFO - Получено откликов с деталями: 20
2025-10-23 18:59:11,625 - __main__ - INFO - Сохранено в БД: 20 откликов
2025-10-23 18:59:11,626 - werkzeug - INFO - 127.0.0.1 - - [23/Oct/2025 18:59:11] "POST /api/applications/details HTTP/1.1" 200 -
2025-10-23 18:59:11,871 - urllib3.connectionpool - DEBUG - https://api.avito.ru:443 "GET /messenger/v2/accounts/316615541/chats?limit=100&offset=900 HTTP/1.1" 200 None
2025-10-23 18:59:11,948 - __main__ - INFO - === get_applications_details: 20 IDs ===
2025-10-23 18:59:11,949 - __main__ - INFO - Запрос деталей для 20 откликов
2025-10-23 18:59:12,258 - urllib3.connectionpool - DEBUG - https://api.avito.ru:443 "GET /messenger/v2/accounts/316615541/chats?limit=100&offset=1000 HTTP/1.1" 200 None
2025-10-23 18:59:12,261 - urllib3.connectionpool - DEBUG - https://api.avito.ru:443 "POST /job/v1/applications/get_by_ids HTTP/1.1" 200 None
2025-10-23 18:59:12,261 - __main__ - INFO - Response status: 200
2025-10-23 18:59:12,262 - __main__ - INFO - Response text: {"applies":[{"applicant":{"data":{"birthday":"1974-01-19","citizenship":"Россия","education":"Среднее","gender":"Мужской","name":"Кокан Андрей Сергеевич"},"id":"172246966","resume_id":"4724045414"},"contacts":{"chat":{"value":"u2i-q~xhSyAdrRq8Qe0~1xLfWg"},"phones":[{"status":null,"value":"79612417981"}]},"created_at":"2025-10-20T07:45:12.494962+03:00","employee_id":null,"enriched_properties":{"age":{"matching_status":"mismatched","value":51},"citizenship":{"matching_status":"no_criteria","value"
2025-10-23 18:59:12,262 - __main__ - INFO - Response keys: dict_keys(['applies'])
2025-10-23 18:59:12,262 - __main__ - INFO - Получено откликов с деталями: 20
2025-10-23 18:59:12,321 - werkzeug - INFO - 127.0.0.1 - - [23/Oct/2025 18:59:12] "GET /api/chats/all HTTP/1.1" 200 -
2025-10-23 18:59:12,321 - urllib3.connectionpool - DEBUG - https://api.avito.ru:443 "GET /messenger/v2/accounts/316615541/chats?limit=100&offset=1000 HTTP/1.1" 200 None
2025-10-23 18:59:12,327 - __main__ - INFO - Получено чатов для анализа: 1100
2025-10-23 18:59:12,330 - __main__ - INFO - Сохранено в БД: 20 откликов
2025-10-23 18:59:12,331 - __main__ - INFO - Метрики: {'wrote_read_no_reply': 498, 'wrote_unread': 484, 'not_wrote': 0, 'waiting_reply': 83, 'auto_reply_sent': 35}
2025-10-23 18:59:12,332 - werkzeug - INFO - 127.0.0.1 - - [23/Oct/2025 18:59:12] "POST /api/applications/details HTTP/1.1" 200 -
2025-10-23 18:59:12,339 - werkzeug - INFO - 127.0.0.1 - - [23/Oct/2025 18:59:12] "GET /api/chats/metrics HTTP/1.1" 200 -
2025-10-23 18:59:12,598 - werkzeug - INFO - 127.0.0.1 - - [23/Oct/2025 18:59:12] "POST /api/auto-reply/toggle HTTP/1.1" 200 -
2025-10-23 18:59:12,647 - __main__ - INFO - === get_applications_details: 20 IDs ===
2025-10-23 18:59:12,648 - __main__ - INFO - Запрос деталей для 20 откликов
2025-10-23 18:59:12,911 - werkzeug - INFO - 127.0.0.1 - - [23/Oct/2025 18:59:12] "GET /api/auto-reply/status HTTP/1.1" 200 -
2025-10-23 18:59:12,947 - urllib3.connectionpool - DEBUG - https://api.avito.ru:443 "POST /job/v1/applications/get_by_ids HTTP/1.1" 200 None
2025-10-23 18:59:12,948 - __main__ - INFO - Response status: 200
2025-10-23 18:59:12,949 - __main__ - INFO - Response text: {"applies":[{"applicant":{"data":{"birthday":"1971-04-11","citizenship":"Россия","education":"Среднее","gender":"Мужской","name":"Чеботару Олег Ильич"},"id":"82028053","resume_id":"7666316040"},"contacts":{"chat":{"value":"u2i-yQ7SrngtKlALeqQyVezxbg"},"phones":[{"status":null,"value":"79088864111"}]},"created_at":"2025-10-20T06:59:15.04454+03:00","employee_id":null,"enriched_properties":{"age":{"matching_status":"mismatched","value":54},"citizenship":{"matching_status":"no_criteria","value":"rus
2025-10-23 18:59:12,949 - __main__ - INFO - Response keys: dict_keys(['applies'])
2025-10-23 18:59:12,950 - __main__ - INFO - Получено откликов с деталями: 20
2025-10-23 18:59:12,955 - __main__ - INFO - Сохранено в БД: 20 откликов
2025-10-23 18:59:12,956 - werkzeug - INFO - 127.0.0.1 - - [23/Oct/2025 18:59:12] "POST /api/applications/details HTTP/1.1" 200 -
2025-10-23 18:59:13,264 - __main__ - INFO - === get_applications_details: 20 IDs ===
2025-10-23 18:59:13,265 - __main__ - INFO - Запрос деталей для 20 откликов
2025-10-23 18:59:13,570 - urllib3.connectionpool - DEBUG - https://api.avito.ru:443 "POST /job/v1/applications/get_by_ids HTTP/1.1" 200 None
2025-10-23 18:59:13,570 - __main__ - INFO - Response status: 200
2025-10-23 18:59:13,571 - __main__ - INFO - Response text: {"applies":[{"applicant":{"data":{"birthday":"2004-07-30","citizenship":"rus","name":"Якимов Юрий Витальевич"},"id":"181643029"},"contacts":{"chat":{"value":"u2i-ubi1m1M4W_jdEE6PEQ3l2w"},"phones":[{"status":null,"value":"79991749676"}]},"created_at":"2025-10-20T05:58:20.233083+03:00","employee_id":null,"enriched_properties":{"age":{"matching_status":"matched","value":21},"citizenship":{"matching_status":"no_criteria","value":"rus"},"full_name":{"matching_status":"no_criteria","value":"Якимов Юри
2025-10-23 18:59:13,571 - __main__ - INFO - Response keys: dict_keys(['applies'])
2025-10-23 18:59:13,571 - __main__ - INFO - Получено откликов с деталями: 20
2025-10-23 18:59:13,581 - __main__ - INFO - Сохранено в БД: 20 откликов
2025-10-23 18:59:13,583 - werkzeug - INFO - 127.0.0.1 - - [23/Oct/2025 18:59:13] "POST /api/applications/details HTTP/1.1" 200 -
2025-10-23 18:59:13,587 - __main__ - INFO - === get_applications_details: 20 IDs ===
2025-10-23 18:59:13,587 - __main__ - INFO - Запрос деталей для 20 откликов
2025-10-23 18:59:13,888 - urllib3.connectionpool - DEBUG - https://api.avito.ru:443 "POST /job/v1/applications/get_by_ids HTTP/1.1" 200 None
2025-10-23 18:59:13,888 - __main__ - INFO - Response status: 200
2025-10-23 18:59:13,888 - __main__ - INFO - Response text: {"applies":[{"applicant":{"data":{"name":"Стрежнев Михаил сергеевич"},"id":"358176879"},"contacts":{"chat":{"value":"u2i-z~U0lIVcHcIqdhLWquhmzQ"},"phones":[{"status":null,"value":"79089091181"}]},"created_at":"2025-10-20T04:26:04.075498+03:00","employee_id":null,"enriched_properties":null,"id":"68f58fad57335926a76da0f3","is_viewed":true,"negotiation_id":950309723,"price":{"bonus":0,"real":6100,"total":6100},"type":"by_chat","updated_at":"2025-10-20T01:26:26Z","vacancy_id":7666536478},{"applicant
2025-10-23 18:59:13,889 - __main__ - INFO - Response keys: dict_keys(['applies'])
2025-10-23 18:59:13,889 - __main__ - INFO - Получено откликов с деталями: 20
2025-10-23 18:59:13,894 - __main__ - INFO - Сохранено в БД: 20 откликов
2025-10-23 18:59:13,895 - werkzeug - INFO - 127.0.0.1 - - [23/Oct/2025 18:59:13] "POST /api/applications/details HTTP/1.1" 200 -
2025-10-23 18:59:14,212 - __main__ - INFO - === get_applications_details: 20 IDs ===
2025-10-23 18:59:14,212 - __main__ - INFO - Запрос деталей для 20 откликов
2025-10-23 18:59:14,522 - urllib3.connectionpool - DEBUG - https://api.avito.ru:443 "POST /job/v1/applications/get_by_ids HTTP/1.1" 200 None
2025-10-23 18:59:14,523 - __main__ - INFO - Response status: 200
2025-10-23 18:59:14,523 - __main__ - INFO - Response text: {"applies":[{"applicant":{"data":{"birthday":"2006-10-06","citizenship":"Россия","education":"Незаконченное высшее","gender":"Женский","name":"Хасанова Алсу Флоритовна"},"id":"363600777","resume_id":"3783347123"},"contacts":{"chat":{"value":"u2i-uTqKgEvMwutoIZ8_KczNkw"},"phones":[{"status":null,"value":"79631389118"}]},"created_at":"2025-10-20T02:07:33.699538+03:00","employee_id":null,"enriched_properties":{"age":{"matching_status":"matched","value":19},"citizenship":{"matching_status":"no_crite
2025-10-23 18:59:14,524 - __main__ - INFO - Response keys: dict_keys(['applies'])
2025-10-23 18:59:14,524 - __main__ - INFO - Получено откликов с деталями: 20
2025-10-23 18:59:14,529 - __main__ - INFO - Сохранено в БД: 20 откликов
2025-10-23 18:59:14,530 - werkzeug - INFO - 127.0.0.1 - - [23/Oct/2025 18:59:14] "POST /api/applications/details HTTP/1.1" 200 -
2025-10-23 18:59:14,535 - __main__ - INFO - === get_applications_details: 20 IDs ===
2025-10-23 18:59:14,535 - __main__ - INFO - Запрос деталей для 20 откликов
2025-10-23 18:59:14,727 - __main__ - INFO - === get_job_applications: days=7, limit=100 ===
2025-10-23 18:59:14,728 - __main__ - INFO - Запрос откликов с датой: 2025-10-16
2025-10-23 18:59:14,729 - werkzeug - INFO - 127.0.0.1 - - [23/Oct/2025 18:59:14] "GET /api/auto-reply/status HTTP/1.1" 200 -
2025-10-23 18:59:14,747 - urllib3.connectionpool - DEBUG - https://api.avito.ru:443 "GET /core/v1/accounts/316615541/balance/ HTTP/1.1" 200 25
2025-10-23 18:59:14,748 - werkzeug - INFO - 127.0.0.1 - - [23/Oct/2025 18:59:14] "GET /api/balance HTTP/1.1" 200 -
2025-10-23 18:59:15,032 - urllib3.connectionpool - DEBUG - https://api.avito.ru:443 "GET /job/v1/applications/get_ids?limit=100&updatedAtFrom=2025-10-16 HTTP/1.1" 200 None
2025-10-23 18:59:15,034 - __main__ - INFO - Response type: <class 'requests.models.Response'>
2025-10-23 18:59:15,034 - __main__ - INFO - Status code: 200
2025-10-23 18:59:15,034 - __main__ - INFO - Response text: {"applies":[{"created_at":"2025-10-23T16:18:17.701491+03:00","id":"68fa2b1a57335926a7446657","updated_at":"2025-10-23T13:38:12Z"},{"created_at":"2025-10-23T10:54:13.201817+03:00","id":"68f9df2557335926a7ea82e3","updated_at":"2025-10-23T10:31:58Z"},{"created_at":"2025-10-23T10:16:09.808908+03:00","id":"68f9d63a57335926a7a63d00","updated_at":"2025-10-23T09:25:44Z"},{"created_at":"2025-10-22T23:04:26.619384+03:00","id":"68f938cc57335926a7acbcbb","updated_at":"2025-10-23T09:39:45Z"},{"created_at":"2
2025-10-23 18:59:15,035 - __main__ - INFO - Response JSON keys: dict_keys(['applies'])
2025-10-23 18:59:15,035 - __main__ - INFO - Найдено откликов: 100
2025-10-23 18:59:15,035 - __main__ - INFO - IDs откликов: ['68fa2b1a57335926a7446657', '68f9df2557335926a7ea82e3', '68f9d63a57335926a7a63d00', '68f938cc57335926a7acbcbb', '68f91f7957335926a725811e']...
2025-10-23 18:59:15,036 - werkzeug - INFO - 127.0.0.1 - - [23/Oct/2025 18:59:15] "GET /api/applications?days=7&limit=100 HTTP/1.1" 200 -
2025-10-23 18:59:15,057 - urllib3.connectionpool - DEBUG - https://api.avito.ru:443 "POST /job/v1/applications/get_by_ids HTTP/1.1" 200 None
2025-10-23 18:59:15,057 - __main__ - INFO - Response status: 200
2025-10-23 18:59:15,058 - __main__ - INFO - Response text: {"applies":[{"applicant":{"data":{"birthday":"1985-07-14","citizenship":"rus","name":"Балданов Чингис Дондокович"},"id":"42395410"},"contacts":{"chat":{"value":"u2i-JR0MXskgWa9Bi7Z0g7WOxg"},"phones":[{"status":null,"value":"79996039022"}]},"created_at":"2025-10-19T23:34:49.527103+03:00","employee_id":null,"enriched_properties":{"age":{"matching_status":"mismatched","value":40},"citizenship":{"matching_status":"no_criteria","value":"rus"},"full_name":{"matching_status":"no_criteria","value":"Балд
2025-10-23 18:59:15,058 - __main__ - INFO - Response keys: dict_keys(['applies'])
2025-10-23 18:59:15,058 - __main__ - INFO - Получено откликов с деталями: 20
2025-10-23 18:59:15,067 - __main__ - INFO - Сохранено в БД: 20 откликов
2025-10-23 18:59:15,068 - werkzeug - INFO - 127.0.0.1 - - [23/Oct/2025 18:59:15] "POST /api/applications/details HTTP/1.1" 200 -
2025-10-23 18:59:15,382 - __main__ - INFO - === get_applications_details: 20 IDs ===
2025-10-23 18:59:15,382 - __main__ - INFO - Запрос деталей для 20 откликов
2025-10-23 18:59:15,693 - urllib3.connectionpool - DEBUG - https://api.avito.ru:443 "POST /job/v1/applications/get_by_ids HTTP/1.1" 200 None
2025-10-23 18:59:15,952 - __main__ - INFO - Response status: 200
2025-10-23 18:59:15,952 - __main__ - INFO - Response text: {"applies":[{"applicant":{"data":{"birthday":"1996-05-22","citizenship":"Россия","gender":"Мужской","name":"Жорин денис"},"id":"216713051","resume_id":"7672095273"},"contacts":{"chat":{"value":"u2i-aWbRpdJdDWhGZi3NVdtkVg"},"phones":[{"status":null,"value":"79277593861"}]},"created_at":"2025-10-19T22:36:00.91983+03:00","employee_id":null,"enriched_properties":{"age":{"matching_status":"matched","value":29},"citizenship":{"matching_status":"no_criteria","value":"rus"},"full_name":{"matching_status
2025-10-23 18:59:15,953 - __main__ - INFO - Response keys: dict_keys(['applies'])
2025-10-23 18:59:15,953 - __main__ - INFO - Получено откликов с деталями: 20
2025-10-23 18:59:15,958 - __main__ - INFO - Сохранено в БД: 20 откликов
2025-10-23 18:59:15,959 - werkzeug - INFO - 127.0.0.1 - - [23/Oct/2025 18:59:15] "POST /api/applications/details HTTP/1.1" 200 -
2025-10-23 18:59:15,965 - __main__ - INFO - === get_applications_details: 20 IDs ===
2025-10-23 18:59:15,965 - __main__ - INFO - Запрос деталей для 20 откликов
2025-10-23 18:59:16,268 - urllib3.connectionpool - DEBUG - https://api.avito.ru:443 "POST /job/v1/applications/get_by_ids HTTP/1.1" 200 None
2025-10-23 18:59:16,269 - __main__ - INFO - Response status: 200
2025-10-23 18:59:16,269 - __main__ - INFO - Response text: {"applies":[{"applicant":{"data":{"birthday":"1975-10-25","citizenship":"Россия","education":"Среднее специальное","gender":"Мужской","name":"Суртаев Денис Владимирович"},"id":"352134602","resume_id":"3783867266"},"contacts":{"chat":{"value":"u2i-eUUKlIz3sjG1NqVB5VTn3w"},"phones":[{"status":null,"value":"79236618534"}]},"created_at":"2025-10-15T17:14:50.184461+03:00","employee_id":null,"enriched_properties":{"age":{"matching_status":"mismatched","value":49},"citizenship":{"matching_status":"no_c
2025-10-23 18:59:16,269 - __main__ - INFO - Response keys: dict_keys(['applies'])
2025-10-23 18:59:16,270 - __main__ - INFO - Получено откликов с деталями: 20
2025-10-23 18:59:16,275 - __main__ - INFO - Сохранено в БД: 20 откликов
2025-10-23 18:59:16,275 - werkzeug - INFO - 127.0.0.1 - - [23/Oct/2025 18:59:16] "POST /api/applications/details HTTP/1.1" 200 -
2025-10-23 18:59:16,593 - __main__ - INFO - === get_applications_details: 20 IDs ===
2025-10-23 18:59:16,593 - __main__ - INFO - Запрос деталей для 20 откликов
2025-10-23 18:59:16,892 - urllib3.connectionpool - DEBUG - https://api.avito.ru:443 "POST /job/v1/applications/get_by_ids HTTP/1.1" 200 None
2025-10-23 18:59:16,892 - __main__ - INFO - Response status: 200
2025-10-23 18:59:16,893 - __main__ - INFO - Response text: {"applies":[{"applicant":{"data":{"birthday":"1992-02-09","citizenship":"rus","name":"Аникеев Иван Георгиевич"},"id":"416124713"},"contacts":{"chat":{"value":"u2i-4u4VwKYQi6uS52Xos7c_kw"},"phones":[{"status":null,"value":"79125523160"}]},"created_at":"2025-10-15T14:44:28.643468+03:00","employee_id":null,"enriched_properties":{"age":{"matching_status":"mismatched","value":33},"citizenship":{"matching_status":"no_criteria","value":"rus"},"full_name":{"matching_status":"no_criteria","value":"Иван Г
2025-10-23 18:59:16,894 - __main__ - INFO - Response keys: dict_keys(['applies'])
2025-10-23 18:59:16,894 - __main__ - INFO - Получено откликов с деталями: 20
2025-10-23 18:59:16,904 - __main__ - INFO - Сохранено в БД: 20 откликов
2025-10-23 18:59:16,904 - werkzeug - INFO - 127.0.0.1 - - [23/Oct/2025 18:59:16] "POST /api/applications/details HTTP/1.1" 200 -
2025-10-23 18:59:16,909 - __main__ - INFO - === get_applications_details: 20 IDs ===
2025-10-23 18:59:16,909 - __main__ - INFO - Запрос деталей для 20 откликов
2025-10-23 18:59:17,212 - urllib3.connectionpool - DEBUG - https://api.avito.ru:443 "POST /job/v1/applications/get_by_ids HTTP/1.1" 200 None
2025-10-23 18:59:17,213 - __main__ - INFO - Response status: 200
2025-10-23 18:59:17,213 - __main__ - INFO - Response text: {"applies":[{"applicant":{"data":{"birthday":"1986-09-18","citizenship":"Россия","education":"Высшее","gender":"Мужской","name":"Андреев Виктор Викторович"},"id":"346858515","resume_id":"7696735938"},"contacts":{"chat":{"value":"u2i-aSyKilDIRHWR3UIrdAKcQg"},"phones":[{"status":null,"value":"79064778974"}]},"created_at":"2025-10-15T11:34:58.221616+03:00","employee_id":null,"enriched_properties":{"age":{"matching_status":"mismatched","value":39},"citizenship":{"matching_status":"no_criteria","valu
2025-10-23 18:59:17,214 - __main__ - INFO - Response keys: dict_keys(['applies'])
2025-10-23 18:59:17,214 - __main__ - INFO - Получено откликов с деталями: 20
2025-10-23 18:59:17,223 - __main__ - INFO - Сохранено в БД: 20 откликов
2025-10-23 18:59:17,224 - werkzeug - INFO - 127.0.0.1 - - [23/Oct/2025 18:59:17] "POST /api/applications/details HTTP/1.1" 200 -
2025-10-23 18:59:17,532 - __main__ - INFO - === get_applications_details: 20 IDs ===
2025-10-23 18:59:17,532 - __main__ - INFO - Запрос деталей для 20 откликов
2025-10-23 18:59:17,839 - urllib3.connectionpool - DEBUG - https://api.avito.ru:443 "POST /job/v1/applications/get_by_ids HTTP/1.1" 200 None
2025-10-23 18:59:18,098 - __main__ - INFO - Response status: 200
2025-10-23 18:59:18,098 - __main__ - INFO - Response text: {"applies":[{"applicant":{"data":{"birthday":"1998-07-29","citizenship":"Россия","education":"Среднее специальное","gender":"Мужской","name":"Агба Карней Руслановч"},"id":"205928861","resume_id":"7546858258"},"contacts":{"chat":{"value":"u2i-HNMcAry3M0Yr6N1qPhpKZA"},"phones":[{"status":null,"value":"79623835577"}]},"created_at":"2025-10-15T09:54:32.056644+03:00","employee_id":null,"enriched_properties":{"age":{"matching_status":"matched","value":27},"citizenship":{"matching_status":"no_criteria"
2025-10-23 18:59:18,099 - __main__ - INFO - Response keys: dict_keys(['applies'])
2025-10-23 18:59:18,099 - __main__ - INFO - Получено откликов с деталями: 20
2025-10-23 18:59:18,104 - __main__ - INFO - Сохранено в БД: 20 откликов
2025-10-23 18:59:18,105 - werkzeug - INFO - 127.0.0.1 - - [23/Oct/2025 18:59:18] "POST /api/applications/details HTTP/1.1" 200 -
2025-10-23 18:59:18,110 - __main__ - INFO - === get_applications_details: 20 IDs ===
2025-10-23 18:59:18,111 - __main__ - INFO - Запрос деталей для 20 откликов
2025-10-23 18:59:18,330 - werkzeug - INFO - 127.0.0.1 - - [23/Oct/2025 18:59:18] "GET /socket.io/?EIO=4&transport=websocket&sid=zvc_tMaU3O3-2uT5AAAC HTTP/1.1" 200 -
2025-10-23 18:59:18,415 - urllib3.connectionpool - DEBUG - https://api.avito.ru:443 "POST /job/v1/applications/get_by_ids HTTP/1.1" 200 None
2025-10-23 18:59:18,415 - __main__ - INFO - Response status: 200
2025-10-23 18:59:18,416 - __main__ - INFO - Response text: {"applies":[{"applicant":{"data":{"citizenship":"rus","name":"Марк Хант"},"id":"369430937"},"contacts":{"chat":{"value":"u2i-4c4YcCUnPN0zMCXcKGTLYQ"},"phones":[{"status":null,"value":"79220621096"}]},"created_at":"2025-10-15T07:25:39.545241+03:00","employee_id":null,"enriched_properties":{"citizenship":{"matching_status":"no_criteria","value":"rus"},"phone":{"matching_status":"no_criteria","value":"+79220621096"},"status":"not_completed"},"id":"68ef224457335926a737ed34","is_viewed":true,"negotia
2025-10-23 18:59:18,416 - __main__ - INFO - Response keys: dict_keys(['applies'])
2025-10-23 18:59:18,416 - __main__ - INFO - Получено откликов с деталями: 20
2025-10-23 18:59:18,425 - __main__ - INFO - Сохранено в БД: 20 откликов
2025-10-23 18:59:18,426 - werkzeug - INFO - 127.0.0.1 - - [23/Oct/2025 18:59:18] "POST /api/applications/details HTTP/1.1" 200 -
2025-10-23 18:59:18,648 - werkzeug - INFO - 127.0.0.1 - - [23/Oct/2025 18:59:18] "GET / HTTP/1.1" 200 -
2025-10-23 18:59:18,732 - werkzeug - INFO - 127.0.0.1 - - [23/Oct/2025 18:59:18] "GET /socket.io/?EIO=4&transport=polling&t=PeHoyQE HTTP/1.1" 200 -
2025-10-23 18:59:18,984 - __main__ - INFO - === get_job_applications: days=7, limit=100 ===
2025-10-23 18:59:18,984 - __main__ - INFO - Запрос откликов с датой: 2025-10-16
2025-10-23 18:59:19,033 - __main__ - INFO - === get_all_job_applications: days=30 ===
2025-10-23 18:59:19,034 - __main__ - INFO - Запрос ВСЕХ откликов с датой: 2025-09-23
2025-10-23 18:59:19,035 - werkzeug - INFO - 127.0.0.1 - - [23/Oct/2025 18:59:19] "GET /api/auto-reply/status HTTP/1.1" 200 -
2025-10-23 18:59:19,035 - __main__ - INFO - --- Страница 1 ---
2025-10-23 18:59:19,036 - __main__ - INFO - Запрос первой страницы откликов...
2025-10-23 18:59:19,037 - __main__ - INFO - === api_chat_metrics ===
2025-10-23 18:59:19,038 - __main__ - INFO - Получение всех чатов через пагинацию...
2025-10-23 18:59:19,281 - urllib3.connectionpool - DEBUG - https://api.avito.ru:443 "GET /core/v1/accounts/316615541/balance/ HTTP/1.1" 200 25
2025-10-23 18:59:19,282 - werkzeug - INFO - 127.0.0.1 - - [23/Oct/2025 18:59:19] "GET /api/balance HTTP/1.1" 200 -
2025-10-23 18:59:19,282 - urllib3.connectionpool - DEBUG - https://api.avito.ru:443 "GET /job/v1/applications/get_ids?limit=100&updatedAtFrom=2025-10-16 HTTP/1.1" 200 None
2025-10-23 18:59:19,284 - __main__ - INFO - Response type: <class 'requests.models.Response'>
2025-10-23 18:59:19,284 - __main__ - INFO - Status code: 200
2025-10-23 18:59:19,284 - __main__ - INFO - Response text: {"applies":[{"created_at":"2025-10-23T16:18:17.701491+03:00","id":"68fa2b1a57335926a7446657","updated_at":"2025-10-23T13:38:12Z"},{"created_at":"2025-10-23T10:54:13.201817+03:00","id":"68f9df2557335926a7ea82e3","updated_at":"2025-10-23T10:31:58Z"},{"created_at":"2025-10-23T10:16:09.808908+03:00","id":"68f9d63a57335926a7a63d00","updated_at":"2025-10-23T09:25:44Z"},{"created_at":"2025-10-22T23:04:26.619384+03:00","id":"68f938cc57335926a7acbcbb","updated_at":"2025-10-23T09:39:45Z"},{"created_at":"2
2025-10-23 18:59:19,284 - __main__ - INFO - Response JSON keys: dict_keys(['applies'])
2025-10-23 18:59:19,285 - __main__ - INFO - Найдено откликов: 100
2025-10-23 18:59:19,285 - __main__ - INFO - IDs откликов: ['68fa2b1a57335926a7446657', '68f9df2557335926a7ea82e3', '68f9d63a57335926a7a63d00', '68f938cc57335926a7acbcbb', '68f91f7957335926a725811e']...
2025-10-23 18:59:19,286 - werkzeug - INFO - 127.0.0.1 - - [23/Oct/2025 18:59:19] "GET /api/applications?days=7&limit=100 HTTP/1.1" 200 -
2025-10-23 18:59:19,336 - urllib3.connectionpool - DEBUG - https://api.avito.ru:443 "GET /job/v1/applications/get_ids?limit=100&updatedAtFrom=2025-09-23 HTTP/1.1" 200 None
2025-10-23 18:59:19,337 - __main__ - INFO - Response status: 200
2025-10-23 18:59:19,338 - __main__ - INFO - Получено откликов на странице: 100
2025-10-23 18:59:19,338 - __main__ - INFO - Всего откликов собрано: 100
2025-10-23 18:59:19,338 - __main__ - INFO - ID последнего отклика для cursor: 68f71fbc57335926a770...
2025-10-23 18:59:19,338 - __main__ - INFO - --- Страница 2 ---
2025-10-23 18:59:19,339 - __main__ - INFO - Запрос с cursor: 68f71fbc57335926a770...
2025-10-23 18:59:19,348 - werkzeug - INFO - 127.0.0.1 - - [23/Oct/2025 18:59:19] "POST /socket.io/?EIO=4&transport=polling&t=PeHoyRG&sid=1widVL3ahDrzaRNQAAAE HTTP/1.1" 200 -
2025-10-23 18:59:19,598 - werkzeug - INFO - 127.0.0.1 - - [23/Oct/2025 18:59:19] "GET /socket.io/?EIO=4&transport=polling&t=PeHoyRG.0&sid=1widVL3ahDrzaRNQAAAE HTTP/1.1" 200 -
2025-10-23 18:59:19,600 - werkzeug - INFO - 127.0.0.1 - - [23/Oct/2025 18:59:19] "GET /api/auto-reply/status HTTP/1.1" 200 -
2025-10-23 18:59:19,615 - werkzeug - INFO - 127.0.0.1 - - [23/Oct/2025 18:59:19] "GET /socket.io/?EIO=4&transport=websocket&sid=1widVL3ahDrzaRNQAAAE HTTP/1.1" 200 -
2025-10-23 18:59:19,631 - urllib3.connectionpool - DEBUG - https://api.avito.ru:443 "GET /job/v1/applications/get_ids?limit=100&updatedAtFrom=2025-09-23&cursor=68f71fbc57335926a770e46e HTTP/1.1" 200 None
2025-10-23 18:59:19,632 - __main__ - INFO - Response status: 200
2025-10-23 18:59:19,633 - __main__ - INFO - Получено откликов на странице: 100
2025-10-23 18:59:19,633 - __main__ - INFO - Всего откликов собрано: 200
2025-10-23 18:59:19,633 - __main__ - INFO - ID последнего отклика для cursor: 68f58fad57335926a76d...
2025-10-23 18:59:19,633 - __main__ - INFO - --- Страница 3 ---
2025-10-23 18:59:19,633 - __main__ - INFO - Запрос с cursor: 68f58fad57335926a76d...
2025-10-23 18:59:19,724 - urllib3.connectionpool - DEBUG - https://api.avito.ru:443 "GET /messenger/v2/accounts/316615541/chats?limit=100&offset=0 HTTP/1.1" 200 None
2025-10-23 18:59:19,904 - urllib3.connectionpool - DEBUG - https://api.avito.ru:443 "GET /messenger/v2/accounts/316615541/chats?limit=100&offset=0 HTTP/1.1" 200 None
2025-10-23 18:59:19,924 - urllib3.connectionpool - DEBUG - https://api.avito.ru:443 "GET /job/v1/applications/get_ids?limit=100&updatedAtFrom=2025-09-23&cursor=68f58fad57335926a76da0f3 HTTP/1.1" 200 None
2025-10-23 18:59:19,925 - __main__ - INFO - Response status: 200
2025-10-23 18:59:19,926 - werkzeug - INFO - 127.0.0.1 - - [23/Oct/2025 18:59:19] "GET / HTTP/1.1" 200 -
2025-10-23 18:59:19,926 - __main__ - INFO - Получено откликов на странице: 100
2025-10-23 18:59:19,927 - __main__ - INFO - Всего откликов собрано: 300
2025-10-23 18:59:19,927 - __main__ - INFO - ID последнего отклика для cursor: 68ef891d57335926a7ed...
2025-10-23 18:59:19,927 - __main__ - INFO - --- Страница 4 ---
2025-10-23 18:59:19,928 - __main__ - INFO - Запрос с cursor: 68ef891d57335926a7ed...
2025-10-23 18:59:20,223 - urllib3.connectionpool - DEBUG - https://api.avito.ru:443 "GET /job/v1/applications/get_ids?limit=100&updatedAtFrom=2025-09-23&cursor=68ef891d57335926a7ed1206 HTTP/1.1" 200 None
2025-10-23 18:59:20,224 - __main__ - INFO - Response status: 200
2025-10-23 18:59:20,225 - __main__ - INFO - Получено откликов на странице: 100
2025-10-23 18:59:20,225 - __main__ - INFO - Всего откликов собрано: 400
2025-10-23 18:59:20,225 - __main__ - INFO - ID последнего отклика для cursor: 68ee40e557335926a7bf...
2025-10-23 18:59:20,225 - __main__ - INFO - --- Страница 5 ---
2025-10-23 18:59:20,226 - __main__ - INFO - Запрос с cursor: 68ee40e557335926a7bf...
2025-10-23 18:59:20,521 - urllib3.connectionpool - DEBUG - https://api.avito.ru:443 "GET /job/v1/applications/get_ids?limit=100&updatedAtFrom=2025-09-23&cursor=68ee40e557335926a7bf3f69 HTTP/1.1" 200 None
2025-10-23 18:59:20,522 - __main__ - INFO - Response status: 200
2025-10-23 18:59:20,522 - __main__ - INFO - Получено откликов на странице: 100
2025-10-23 18:59:20,522 - __main__ - INFO - Всего откликов собрано: 500
2025-10-23 18:59:20,523 - __main__ - INFO - ID последнего отклика для cursor: 68e7bde72c1693c1b640...
2025-10-23 18:59:20,523 - __main__ - INFO - --- Страница 6 ---
2025-10-23 18:59:20,523 - __main__ - INFO - Запрос с cursor: 68e7bde72c1693c1b640...
2025-10-23 18:59:20,830 - urllib3.connectionpool - DEBUG - https://api.avito.ru:443 "GET /job/v1/applications/get_ids?limit=100&updatedAtFrom=2025-09-23&cursor=68e7bde72c1693c1b6401454 HTTP/1.1" 200 None
2025-10-23 18:59:20,831 - __main__ - INFO - Response status: 200
2025-10-23 18:59:20,832 - __main__ - INFO - Получено откликов на странице: 100
2025-10-23 18:59:20,832 - __main__ - INFO - Всего откликов собрано: 600
2025-10-23 18:59:20,832 - __main__ - INFO - ID последнего отклика для cursor: 68df7b182c1693c1b6e9...
2025-10-23 18:59:20,833 - __main__ - INFO - --- Страница 7 ---
2025-10-23 18:59:20,833 - __main__ - INFO - Запрос с cursor: 68df7b182c1693c1b6e9...
2025-10-23 18:59:21,129 - urllib3.connectionpool - DEBUG - https://api.avito.ru:443 "GET /job/v1/applications/get_ids?limit=100&updatedAtFrom=2025-09-23&cursor=68df7b182c1693c1b6e97d21 HTTP/1.1" 200 None
2025-10-23 18:59:21,130 - __main__ - INFO - Response status: 200
2025-10-23 18:59:21,131 - __main__ - INFO - Получено откликов на странице: 46
2025-10-23 18:59:21,131 - __main__ - INFO - Всего откликов собрано: 646
2025-10-23 18:59:21,131 - __main__ - INFO - ID последнего отклика для cursor: 68b5a4b31deb3bab0fde...
2025-10-23 18:59:21,132 - __main__ - INFO - Получено меньше лимита (46 < 100), последняя страница
2025-10-23 18:59:21,132 - __main__ - INFO - === ИТОГО: Получено 646 откликов за 7 страниц ===
2025-10-23 18:59:21,132 - __main__ - INFO - ✅ Все 646 ID уникальны - дубликатов нет
2025-10-23 18:59:21,134 - werkzeug - INFO - 127.0.0.1 - - [23/Oct/2025 18:59:21] "GET /api/applications/all?days=30 HTTP/1.1" 200 -
2025-10-23 18:59:21,394 - urllib3.connectionpool - DEBUG - https://api.avito.ru:443 "GET /messenger/v2/accounts/316615541/chats?limit=100&offset=100 HTTP/1.1" 200 None
2025-10-23 18:59:21,830 - urllib3.connectionpool - DEBUG - https://api.avito.ru:443 "GET /messenger/v2/accounts/316615541/chats?limit=100&offset=200 HTTP/1.1" 200 None
2025-10-23 18:59:22,022 - urllib3.connectionpool - DEBUG - https://api.avito.ru:443 "GET /messenger/v2/accounts/316615541/chats?limit=100&offset=100 HTTP/1.1" 200 None
2025-10-23 18:59:22,273 - urllib3.connectionpool - DEBUG - https://api.avito.ru:443 "GET /messenger/v2/accounts/316615541/chats?limit=100&offset=300 HTTP/1.1" 200 None
2025-10-23 18:59:22,614 - werkzeug - INFO - 127.0.0.1 - - [23/Oct/2025 18:59:22] "GET /socket.io/?EIO=4&transport=polling&t=PeHozI_ HTTP/1.1" 200 -
2025-10-23 18:59:22,620 - __main__ - INFO - === get_job_applications: days=7, limit=100 ===
2025-10-23 18:59:22,621 - __main__ - INFO - Запрос откликов с датой: 2025-10-16
2025-10-23 18:59:22,624 - __main__ - INFO - === get_all_job_applications: days=30 ===
2025-10-23 18:59:22,624 - __main__ - INFO - Запрос ВСЕХ откликов с датой: 2025-09-23
2025-10-23 18:59:22,625 - __main__ - INFO - === api_chat_metrics ===
2025-10-23 18:59:22,625 - __main__ - INFO - --- Страница 1 ---
2025-10-23 18:59:22,626 - __main__ - INFO - Получение всех чатов через пагинацию...
2025-10-23 18:59:22,626 - __main__ - INFO - Запрос первой страницы откликов...
2025-10-23 18:59:22,631 - urllib3.connectionpool - DEBUG - Starting new HTTPS connection (6): api.avito.ru:443
2025-10-23 18:59:22,632 - urllib3.connectionpool - DEBUG - Starting new HTTPS connection (7): api.avito.ru:443
2025-10-23 18:59:22,932 - urllib3.connectionpool - DEBUG - https://api.avito.ru:443 "GET /job/v1/applications/get_ids?limit=100&updatedAtFrom=2025-10-16 HTTP/1.1" 200 None
2025-10-23 18:59:22,935 - werkzeug - INFO - 127.0.0.1 - - [23/Oct/2025 18:59:22] "GET /api/auto-reply/status HTTP/1.1" 200 -
2025-10-23 18:59:22,935 - __main__ - INFO - Response type: <class 'requests.models.Response'>
2025-10-23 18:59:22,936 - urllib3.connectionpool - DEBUG - https://api.avito.ru:443 "GET /core/v1/accounts/316615541/balance/ HTTP/1.1" 200 25
2025-10-23 18:59:22,936 - __main__ - INFO - Status code: 200
2025-10-23 18:59:22,938 - __main__ - INFO - Response text: {"applies":[{"created_at":"2025-10-23T16:18:17.701491+03:00","id":"68fa2b1a57335926a7446657","updated_at":"2025-10-23T13:38:12Z"},{"created_at":"2025-10-23T10:54:13.201817+03:00","id":"68f9df2557335926a7ea82e3","updated_at":"2025-10-23T10:31:58Z"},{"created_at":"2025-10-23T10:16:09.808908+03:00","id":"68f9d63a57335926a7a63d00","updated_at":"2025-10-23T09:25:44Z"},{"created_at":"2025-10-22T23:04:26.619384+03:00","id":"68f938cc57335926a7acbcbb","updated_at":"2025-10-23T09:39:45Z"},{"created_at":"2
2025-10-23 18:59:22,938 - werkzeug - INFO - 127.0.0.1 - - [23/Oct/2025 18:59:22] "GET /api/balance HTTP/1.1" 200 -
2025-10-23 18:59:22,940 - __main__ - INFO - Response JSON keys: dict_keys(['applies'])
2025-10-23 18:59:22,941 - __main__ - INFO - Найдено откликов: 100
2025-10-23 18:59:22,941 - __main__ - INFO - IDs откликов: ['68fa2b1a57335926a7446657', '68f9df2557335926a7ea82e3', '68f9d63a57335926a7a63d00', '68f938cc57335926a7acbcbb', '68f91f7957335926a725811e']...
2025-10-23 18:59:22,942 - werkzeug - INFO - 127.0.0.1 - - [23/Oct/2025 18:59:22] "GET /api/applications?days=7&limit=100 HTTP/1.1" 200 -
2025-10-23 18:59:23,249 - werkzeug - INFO - 127.0.0.1 - - [23/Oct/2025 18:59:23] "GET /socket.io/?EIO=4&transport=polling&t=PeHozNw&sid=jOsAN4Jkr24gHNPmAAAG HTTP/1.1" 200 -
2025-10-23 18:59:23,249 - werkzeug - INFO - 127.0.0.1 - - [23/Oct/2025 18:59:23] "POST /socket.io/?EIO=4&transport=polling&t=PeHozNv&sid=jOsAN4Jkr24gHNPmAAAG HTTP/1.1" 200 -
2025-10-23 18:59:23,250 - werkzeug - INFO - 127.0.0.1 - - [23/Oct/2025 18:59:23] "GET /api/auto-reply/status HTTP/1.1" 200 -
2025-10-23 18:59:23,325 - urllib3.connectionpool - DEBUG - https://api.avito.ru:443 "GET /messenger/v2/accounts/316615541/chats?limit=100&offset=0 HTTP/1.1" 200 None
2025-10-23 18:59:24,013 - urllib3.connectionpool - DEBUG - https://api.avito.ru:443 "GET /job/v1/applications/get_ids?limit=100&updatedAtFrom=2025-09-23 HTTP/1.1" 200 None
2025-10-23 18:59:24,014 - __main__ - INFO - Response status: 200
2025-10-23 18:59:24,015 - __main__ - INFO - Получено откликов на странице: 100
2025-10-23 18:59:24,015 - __main__ - INFO - Всего откликов собрано: 100
2025-10-23 18:59:24,015 - __main__ - INFO - ID последнего отклика для cursor: 68f71fbc57335926a770...
2025-10-23 18:59:24,015 - __main__ - INFO - --- Страница 2 ---
2025-10-23 18:59:24,015 - __main__ - INFO - Запрос с cursor: 68f71fbc57335926a770...
2025-10-23 18:59:24,249 - urllib3.connectionpool - DEBUG - https://api.avito.ru:443 "GET /messenger/v2/accounts/316615541/chats?limit=100&offset=200 HTTP/1.1" 200 None
2025-10-23 18:59:24,308 - urllib3.connectionpool - DEBUG - https://api.avito.ru:443 "GET /job/v1/applications/get_ids?limit=100&updatedAtFrom=2025-09-23&cursor=68f71fbc57335926a770e46e HTTP/1.1" 200 None
2025-10-23 18:59:24,309 - __main__ - INFO - Response status: 200
2025-10-23 18:59:24,309 - __main__ - INFO - Получено откликов на странице: 100
2025-10-23 18:59:24,310 - __main__ - INFO - Всего откликов собрано: 200
2025-10-23 18:59:24,310 - __main__ - INFO - ID последнего отклика для cursor: 68f58fad57335926a76d...
2025-10-23 18:59:24,310 - __main__ - INFO - --- Страница 3 ---
2025-10-23 18:59:24,310 - __main__ - INFO - Запрос с cursor: 68f58fad57335926a76d...
2025-10-23 18:59:24,376 - urllib3.connectionpool - DEBUG - https://api.avito.ru:443 "GET /messenger/v2/accounts/316615541/chats?limit=100&offset=0 HTTP/1.1" 200 None
2025-10-23 18:59:24,600 - urllib3.connectionpool - DEBUG - https://api.avito.ru:443 "GET /job/v1/applications/get_ids?limit=100&updatedAtFrom=2025-09-23&cursor=68f58fad57335926a76da0f3 HTTP/1.1" 200 None
2025-10-23 18:59:24,601 - __main__ - INFO - Response status: 200
2025-10-23 18:59:24,602 - __main__ - INFO - Получено откликов на странице: 100
2025-10-23 18:59:24,602 - __main__ - INFO - Всего откликов собрано: 300
2025-10-23 18:59:24,602 - __main__ - INFO - ID последнего отклика для cursor: 68ef891d57335926a7ed...
2025-10-23 18:59:24,602 - __main__ - INFO - --- Страница 4 ---
2025-10-23 18:59:24,603 - __main__ - INFO - Запрос с cursor: 68ef891d57335926a7ed...
2025-10-23 18:59:24,812 - urllib3.connectionpool - DEBUG - https://api.avito.ru:443 "GET /messenger/v2/accounts/316615541/chats?limit=100&offset=400 HTTP/1.1" 200 None
2025-10-23 18:59:24,894 - urllib3.connectionpool - DEBUG - https://api.avito.ru:443 "GET /job/v1/applications/get_ids?limit=100&updatedAtFrom=2025-09-23&cursor=68ef891d57335926a7ed1206 HTTP/1.1" 200 None
2025-10-23 18:59:24,895 - __main__ - INFO - Response status: 200
2025-10-23 18:59:24,895 - __main__ - INFO - Получено откликов на странице: 100
2025-10-23 18:59:24,895 - __main__ - INFO - Всего откликов собрано: 400
2025-10-23 18:59:24,896 - __main__ - INFO - ID последнего отклика для cursor: 68ee40e557335926a7bf...
2025-10-23 18:59:24,896 - __main__ - INFO - --- Страница 5 ---
2025-10-23 18:59:24,896 - __main__ - INFO - Запрос с cursor: 68ee40e557335926a7bf...
2025-10-23 18:59:25,187 - urllib3.connectionpool - DEBUG - https://api.avito.ru:443 "GET /job/v1/applications/get_ids?limit=100&updatedAtFrom=2025-09-23&cursor=68ee40e557335926a7bf3f69 HTTP/1.1" 200 None
2025-10-23 18:59:25,188 - __main__ - INFO - Response status: 200
2025-10-23 18:59:25,188 - __main__ - INFO - Получено откликов на странице: 100
2025-10-23 18:59:25,188 - __main__ - INFO - Всего откликов собрано: 500
2025-10-23 18:59:25,188 - __main__ - INFO - ID последнего отклика для cursor: 68e7bde72c1693c1b640...
2025-10-23 18:59:25,189 - __main__ - INFO - --- Страница 6 ---
2025-10-23 18:59:25,189 - __main__ - INFO - Запрос с cursor: 68e7bde72c1693c1b640...
2025-10-23 18:59:25,266 - urllib3.connectionpool - DEBUG - https://api.avito.ru:443 "GET /messenger/v2/accounts/316615541/chats?limit=100&offset=500 HTTP/1.1" 200 None
2025-10-23 18:59:25,476 - urllib3.connectionpool - DEBUG - https://api.avito.ru:443 "GET /job/v1/applications/get_ids?limit=100&updatedAtFrom=2025-09-23&cursor=68e7bde72c1693c1b6401454 HTTP/1.1" 200 None
2025-10-23 18:59:25,477 - __main__ - INFO - Response status: 200
2025-10-23 18:59:25,477 - __main__ - INFO - Получено откликов на странице: 100
2025-10-23 18:59:25,478 - __main__ - INFO - Всего откликов собрано: 600
2025-10-23 18:59:25,478 - __main__ - INFO - ID последнего отклика для cursor: 68df7b182c1693c1b6e9...
2025-10-23 18:59:25,478 - __main__ - INFO - --- Страница 7 ---
2025-10-23 18:59:25,479 - __main__ - INFO - Запрос с cursor: 68df7b182c1693c1b6e9...
2025-10-23 18:59:25,647 - urllib3.connectionpool - DEBUG - https://api.avito.ru:443 "GET /messenger/v2/accounts/316615541/chats?limit=100&offset=100 HTTP/1.1" 200 None
2025-10-23 18:59:25,751 - urllib3.connectionpool - DEBUG - https://api.avito.ru:443 "GET /messenger/v2/accounts/316615541/chats?limit=100&offset=600 HTTP/1.1" 200 None
2025-10-23 18:59:25,766 - urllib3.connectionpool - DEBUG - https://api.avito.ru:443 "GET /job/v1/applications/get_ids?limit=100&updatedAtFrom=2025-09-23&cursor=68df7b182c1693c1b6e97d21 HTTP/1.1" 200 None
2025-10-23 18:59:25,770 - __main__ - INFO - Response status: 200
2025-10-23 18:59:25,771 - __main__ - INFO - Получено откликов на странице: 46
2025-10-23 18:59:25,771 - __main__ - INFO - Всего откликов собрано: 646
2025-10-23 18:59:25,771 - __main__ - INFO - ID последнего отклика для cursor: 68b5a4b31deb3bab0fde...
2025-10-23 18:59:25,772 - __main__ - INFO - Получено меньше лимита (46 < 100), последняя страница
2025-10-23 18:59:25,773 - __main__ - INFO - === ИТОГО: Получено 646 откликов за 7 страниц ===
2025-10-23 18:59:25,773 - __main__ - INFO - ✅ Все 646 ID уникальны - дубликатов нет
2025-10-23 18:59:25,775 - werkzeug - INFO - 127.0.0.1 - - [23/Oct/2025 18:59:25] "GET /api/applications/all?days=30 HTTP/1.1" 200 -
2025-10-23 18:59:25,816 - urllib3.connectionpool - DEBUG - https://api.avito.ru:443 "GET /messenger/v2/accounts/316615541/chats?limit=100&offset=100 HTTP/1.1" 200 None
2025-10-23 18:59:26,089 - __main__ - INFO - === get_applications_details: 20 IDs ===
2025-10-23 18:59:26,089 - __main__ - INFO - Запрос деталей для 20 откликов
2025-10-23 18:59:26,164 - urllib3.connectionpool - DEBUG - https://api.avito.ru:443 "GET /messenger/v2/accounts/316615541/chats?limit=100&offset=700 HTTP/1.1" 200 None
2025-10-23 18:59:26,234 - urllib3.connectionpool - DEBUG - https://api.avito.ru:443 "GET /messenger/v2/accounts/316615541/chats?limit=100&offset=200 HTTP/1.1" 200 None
2025-10-23 18:59:26,336 - urllib3.connectionpool - DEBUG - https://api.avito.ru:443 "GET /messenger/v2/accounts/316615541/chats?limit=100&offset=300 HTTP/1.1" 200 None
2025-10-23 18:59:26,398 - urllib3.connectionpool - DEBUG - https://api.avito.ru:443 "POST /job/v1/applications/get_by_ids HTTP/1.1" 200 None
2025-10-23 18:59:26,399 - __main__ - INFO - Response status: 200
2025-10-23 18:59:26,399 - __main__ - INFO - Response text: {"applies":[{"applicant":{"data":{"birthday":"2001-06-10","citizenship":"Россия","gender":"Мужской","name":"Потапов Антон Сергеевич"},"id":"403574381","resume_id":"7434870869"},"contacts":{"chat":{"value":"u2i-XWQVOBCC3k5cq~2CruL9ow"},"phones":[{"status":null,"value":"79016546327"}]},"created_at":"2025-10-22T10:53:59.659173+03:00","employee_id":null,"enriched_properties":{"age":{"matching_status":"matched","value":24},"citizenship":{"matching_status":"no_criteria","value":"rus"},"full_name":{"ma
2025-10-23 18:59:26,400 - __main__ - INFO - Response keys: dict_keys(['applies'])
2025-10-23 18:59:26,400 - __main__ - INFO - Получено откликов с деталями: 20
2025-10-23 18:59:26,408 - __main__ - INFO - Сохранено в БД: 20 откликов
2025-10-23 18:59:26,409 - werkzeug - INFO - 127.0.0.1 - - [23/Oct/2025 18:59:26] "POST /api/applications/details HTTP/1.1" 200 -
2025-10-23 18:59:26,655 - urllib3.connectionpool - DEBUG - https://api.avito.ru:443 "GET /messenger/v2/accounts/316615541/chats?limit=100&offset=300 HTTP/1.1" 200 None
2025-10-23 18:59:26,731 - __main__ - INFO - === get_applications_details: 20 IDs ===
2025-10-23 18:59:26,731 - __main__ - INFO - Запрос деталей для 20 откликов
2025-10-23 18:59:27,051 - urllib3.connectionpool - DEBUG - https://api.avito.ru:443 "POST /job/v1/applications/get_by_ids HTTP/1.1" 200 None
2025-10-23 18:59:27,051 - __main__ - INFO - Response status: 200
2025-10-23 18:59:27,051 - __main__ - INFO - Response text: {"applies":[{"applicant":{"data":{"birthday":"1985-03-28","citizenship":"Россия","gender":"Мужской","name":"Мусин Ринат"},"id":"399421728","resume_id":"7453730545"},"contacts":{"chat":{"value":"u2i-Vk1Tq3un9oNp4W9BMXXp0g"},"phones":[{"status":null,"value":"79208771328"}]},"created_at":"2025-10-22T07:54:01.981028+03:00","employee_id":null,"enriched_properties":{"age":{"matching_status":"mismatched","value":40},"citizenship":{"matching_status":"no_criteria","value":"rus"},"full_name":{"matching_st
2025-10-23 18:59:27,052 - __main__ - INFO - Response keys: dict_keys(['applies'])
2025-10-23 18:59:27,053 - __main__ - INFO - Получено откликов с деталями: 20
2025-10-23 18:59:27,059 - __main__ - INFO - Сохранено в БД: 20 откликов
2025-10-23 18:59:27,060 - werkzeug - INFO - 127.0.0.1 - - [23/Oct/2025 18:59:27] "POST /api/applications/details HTTP/1.1" 200 -
2025-10-23 18:59:27,332 - urllib3.connectionpool - DEBUG - https://api.avito.ru:443 "GET /messenger/v2/accounts/316615541/chats?limit=100&offset=800 HTTP/1.1" 200 None
2025-10-23 18:59:27,380 - __main__ - INFO - === get_applications_details: 20 IDs ===
2025-10-23 18:59:27,380 - __main__ - INFO - Запрос деталей для 20 откликов
2025-10-23 18:59:27,576 - urllib3.connectionpool - DEBUG - https://api.avito.ru:443 "GET /messenger/v2/accounts/316615541/chats?limit=100&offset=400 HTTP/1.1" 200 None
2025-10-23 18:59:27,692 - urllib3.connectionpool - DEBUG - https://api.avito.ru:443 "POST /job/v1/applications/get_by_ids HTTP/1.1" 200 None
2025-10-23 18:59:27,692 - __main__ - INFO - Response status: 200
2025-10-23 18:59:27,692 - __main__ - INFO - Response text: {"applies":[{"applicant":{"data":{"birthday":"1996-07-18","citizenship":"Россия","education":"Среднее специальное","gender":"Мужской","name":"Сияшин Евгений Юрьевич"},"id":"65092615","resume_id":"4485064429"},"contacts":{"chat":{"value":"u2i-WpjryXkT7HQulnUR_XnhiA"},"phones":[{"status":null,"value":"79526392653"}]},"created_at":"2025-10-22T05:20:51.417179+03:00","employee_id":null,"enriched_properties":{"age":{"matching_status":"matched","value":29},"citizenship":{"matching_status":"no_criteria"
2025-10-23 18:59:27,693 - __main__ - INFO - Response keys: dict_keys(['applies'])
2025-10-23 18:59:27,693 - __main__ - INFO - Получено откликов с деталями: 20
2025-10-23 18:59:27,704 - __main__ - INFO - Сохранено в БД: 20 откликов
2025-10-23 18:59:27,705 - werkzeug - INFO - 127.0.0.1 - - [23/Oct/2025 18:59:27] "POST /api/applications/details HTTP/1.1" 200 -
2025-10-23 18:59:27,787 - urllib3.connectionpool - DEBUG - https://api.avito.ru:443 "GET /messenger/v2/accounts/316615541/chats?limit=100&offset=200 HTTP/1.1" 200 None
2025-10-23 18:59:27,993 - urllib3.connectionpool - DEBUG - https://api.avito.ru:443 "GET /messenger/v2/accounts/316615541/chats?limit=100&offset=900 HTTP/1.1" 200 None
2025-10-23 18:59:28,005 - urllib3.connectionpool - DEBUG - https://api.avito.ru:443 "GET /messenger/v2/accounts/316615541/chats?limit=100&offset=500 HTTP/1.1" 200 None
2025-10-23 18:59:28,012 - __main__ - INFO - === get_applications_details: 20 IDs ===
2025-10-23 18:59:28,012 - __main__ - INFO - Запрос деталей для 20 откликов
2025-10-23 18:59:28,311 - urllib3.connectionpool - DEBUG - https://api.avito.ru:443 "GET /messenger/v2/accounts/316615541/chats?limit=100&offset=400 HTTP/1.1" 200 None
2025-10-23 18:59:28,326 - urllib3.connectionpool - DEBUG - https://api.avito.ru:443 "POST /job/v1/applications/get_by_ids HTTP/1.1" 200 None
2025-10-23 18:59:28,327 - __main__ - INFO - Response status: 200
2025-10-23 18:59:28,327 - __main__ - INFO - Response text: {"applies":[{"applicant":{"data":{"birthday":"1990-09-27","citizenship":"rus","name":"Драгунов Евгений Павлович"},"id":"143072287"},"contacts":{"chat":{"value":"u2i-AN8VlA0IjgWCMpzD4xdC0w"},"phones":[{"status":null,"value":"79531029340"}]},"created_at":"2025-10-21T10:06:12.637712+03:00","employee_id":null,"enriched_properties":{"age":{"matching_status":"mismatched","value":35},"citizenship":{"matching_status":"no_criteria","value":"rus"},"full_name":{"matching_status":"no_criteria","value":"Драг
2025-10-23 18:59:28,327 - __main__ - INFO - Response keys: dict_keys(['applies'])
2025-10-23 18:59:28,328 - __main__ - INFO - Получено откликов с деталями: 20
2025-10-23 18:59:28,337 - __main__ - INFO - Сохранено в БД: 20 откликов
2025-10-23 18:59:28,338 - werkzeug - INFO - 127.0.0.1 - - [23/Oct/2025 18:59:28] "POST /api/applications/details HTTP/1.1" 200 -
2025-10-23 18:59:28,549 - urllib3.connectionpool - DEBUG - https://api.avito.ru:443 "GET /messenger/v2/accounts/316615541/chats?limit=100&offset=600 HTTP/1.1" 200 None
2025-10-23 18:59:28,645 - __main__ - INFO - === get_applications_details: 20 IDs ===
2025-10-23 18:59:28,645 - __main__ - INFO - Запрос деталей для 20 откликов
2025-10-23 18:59:28,658 - urllib3.connectionpool - DEBUG - https://api.avito.ru:443 "GET /messenger/v2/accounts/316615541/chats?limit=100&offset=1000 HTTP/1.1" 200 None
2025-10-23 18:59:28,728 - werkzeug - INFO - 127.0.0.1 - - [23/Oct/2025 18:59:28] "GET /api/chats/all HTTP/1.1" 200 -
2025-10-23 18:59:28,954 - urllib3.connectionpool - DEBUG - https://api.avito.ru:443 "POST /job/v1/applications/get_by_ids HTTP/1.1" 200 None
2025-10-23 18:59:28,954 - __main__ - INFO - Response status: 200
2025-10-23 18:59:28,954 - __main__ - INFO - Response text: {"applies":[{"applicant":{"data":{"birthday":"1997-03-15","citizenship":"rus","name":"Хамроев Амир Негматович"},"id":"303638237"},"contacts":{"chat":{"value":"u2i-M6UHQrNKj_uu7J1bCP0wBg"},"phones":[{"status":null,"value":"79120879902"}]},"created_at":"2025-10-21T08:52:59.571933+03:00","employee_id":null,"enriched_properties":{"age":{"matching_status":"matched","value":28},"citizenship":{"matching_status":"no_criteria","value":"rus"},"full_name":{"matching_status":"no_criteria","value":"Хамроев А
2025-10-23 18:59:28,955 - __main__ - INFO - Response keys: dict_keys(['applies'])
2025-10-23 18:59:28,955 - __main__ - INFO - Получено откликов с деталями: 20
2025-10-23 18:59:28,963 - __main__ - INFO - Сохранено в БД: 20 откликов
2025-10-23 18:59:28,964 - werkzeug - INFO - 127.0.0.1 - - [23/Oct/2025 18:59:28] "POST /api/applications/details HTTP/1.1" 200 -
2025-10-23 18:59:29,194 - urllib3.connectionpool - DEBUG - https://api.avito.ru:443 "GET /messenger/v2/accounts/316615541/chats?limit=100&offset=700 HTTP/1.1" 200 None
2025-10-23 18:59:29,281 - __main__ - INFO - === get_applications_details: 20 IDs ===
2025-10-23 18:59:29,282 - __main__ - INFO - Запрос деталей для 20 откликов
2025-10-23 18:59:29,584 - urllib3.connectionpool - DEBUG - https://api.avito.ru:443 "POST /job/v1/applications/get_by_ids HTTP/1.1" 200 None
2025-10-23 18:59:29,615 - urllib3.connectionpool - DEBUG - https://api.avito.ru:443 "GET /messenger/v2/accounts/316615541/chats?limit=100&offset=800 HTTP/1.1" 200 None
2025-10-23 18:59:29,848 - __main__ - INFO - Response status: 200
2025-10-23 18:59:29,848 - __main__ - INFO - Response text: {"applies":[{"applicant":{"data":{"birthday":"1982-03-07","citizenship":"Россия","gender":"Мужской","name":"Петров Алексей Дмитриевич"},"id":"385867173","resume_id":"7714376182"},"contacts":{"chat":{"value":"u2i-oyQtU3yQUCo4GCDg_PvC7g"},"phones":[{"status":null,"value":"79245975785"}]},"created_at":"2025-10-21T08:00:57.23191+03:00","employee_id":null,"enriched_properties":{"age":{"matching_status":"mismatched","value":43},"citizenship":{"matching_status":"no_criteria","value":"rus"},"full_name":
2025-10-23 18:59:29,849 - __main__ - INFO - Response keys: dict_keys(['applies'])
2025-10-23 18:59:29,849 - __main__ - INFO - Получено откликов с деталями: 20
2025-10-23 18:59:29,854 - __main__ - INFO - Сохранено в БД: 20 откликов
2025-10-23 18:59:29,855 - werkzeug - INFO - 127.0.0.1 - - [23/Oct/2025 18:59:29] "POST /api/applications/details HTTP/1.1" 200 -
2025-10-23 18:59:29,941 - urllib3.connectionpool - DEBUG - https://api.avito.ru:443 "GET /messenger/v2/accounts/316615541/chats?limit=100&offset=300 HTTP/1.1" 200 None
2025-10-23 18:59:30,013 - urllib3.connectionpool - DEBUG - https://api.avito.ru:443 "GET /messenger/v2/accounts/316615541/chats?limit=100&offset=500 HTTP/1.1" 200 None
2025-10-23 18:59:30,163 - __main__ - INFO - === get_applications_details: 20 IDs ===
2025-10-23 18:59:30,163 - __main__ - INFO - Запрос деталей для 20 откликов
2025-10-23 18:59:30,403 - urllib3.connectionpool - DEBUG - https://api.avito.ru:443 "GET /messenger/v2/accounts/316615541/chats?limit=100&offset=900 HTTP/1.1" 200 None
2025-10-23 18:59:30,468 - urllib3.connectionpool - DEBUG - https://api.avito.ru:443 "POST /job/v1/applications/get_by_ids HTTP/1.1" 200 None
2025-10-23 18:59:30,731 - __main__ - INFO - Response status: 200
2025-10-23 18:59:30,731 - __main__ - INFO - Response text: {"applies":[{"applicant":{"data":{"birthday":"1974-01-19","citizenship":"Россия","education":"Среднее","gender":"Мужской","name":"Кокан Андрей Сергеевич"},"id":"172246966","resume_id":"4724045414"},"contacts":{"chat":{"value":"u2i-q~xhSyAdrRq8Qe0~1xLfWg"},"phones":[{"status":null,"value":"79612417981"}]},"created_at":"2025-10-20T07:45:12.494962+03:00","employee_id":null,"enriched_properties":{"age":{"matching_status":"mismatched","value":51},"citizenship":{"matching_status":"no_criteria","value"
2025-10-23 18:59:30,732 - __main__ - INFO - Response keys: dict_keys(['applies'])
2025-10-23 18:59:30,733 - __main__ - INFO - Получено откликов с деталями: 20
2025-10-23 18:59:30,738 - __main__ - INFO - Сохранено в БД: 20 откликов
2025-10-23 18:59:30,739 - werkzeug - INFO - 127.0.0.1 - - [23/Oct/2025 18:59:30] "POST /api/applications/details HTTP/1.1" 200 -
2025-10-23 18:59:30,804 - urllib3.connectionpool - DEBUG - https://api.avito.ru:443 "GET /messenger/v2/accounts/316615541/chats?limit=100&offset=1000 HTTP/1.1" 200 None
2025-10-23 18:59:30,819 - __main__ - INFO - Получено чатов для анализа: 1100
2025-10-23 18:59:30,821 - __main__ - INFO - Метрики: {'wrote_read_no_reply': 498, 'wrote_unread': 484, 'not_wrote': 0, 'waiting_reply': 83, 'auto_reply_sent': 35}
2025-10-23 18:59:30,825 - werkzeug - INFO - 127.0.0.1 - - [23/Oct/2025 18:59:30] "GET /api/chats/metrics HTTP/1.1" 200 -
2025-10-23 18:59:31,049 - __main__ - INFO - === get_applications_details: 20 IDs ===
2025-10-23 18:59:31,049 - __main__ - INFO - Запрос деталей для 20 откликов
2025-10-23 18:59:31,350 - urllib3.connectionpool - DEBUG - https://api.avito.ru:443 "POST /job/v1/applications/get_by_ids HTTP/1.1" 200 None
2025-10-23 18:59:31,351 - __main__ - INFO - Response status: 200
2025-10-23 18:59:31,351 - __main__ - INFO - Response text: {"applies":[{"applicant":{"data":{"birthday":"1971-04-11","citizenship":"Россия","education":"Среднее","gender":"Мужской","name":"Чеботару Олег Ильич"},"id":"82028053","resume_id":"7666316040"},"contacts":{"chat":{"value":"u2i-yQ7SrngtKlALeqQyVezxbg"},"phones":[{"status":null,"value":"79088864111"}]},"created_at":"2025-10-20T06:59:15.04454+03:00","employee_id":null,"enriched_properties":{"age":{"matching_status":"mismatched","value":54},"citizenship":{"matching_status":"no_criteria","value":"rus
2025-10-23 18:59:31,352 - __main__ - INFO - Response keys: dict_keys(['applies'])
2025-10-23 18:59:31,352 - __main__ - INFO - Получено откликов с деталями: 20
2025-10-23 18:59:31,357 - __main__ - INFO - Сохранено в БД: 20 откликов
2025-10-23 18:59:31,358 - werkzeug - INFO - 127.0.0.1 - - [23/Oct/2025 18:59:31] "POST /api/applications/details HTTP/1.1" 200 -
2025-10-23 18:59:31,664 - __main__ - INFO - === get_applications_details: 20 IDs ===
2025-10-23 18:59:31,664 - __main__ - INFO - Запрос деталей для 20 откликов
2025-10-23 18:59:31,860 - urllib3.connectionpool - DEBUG - https://api.avito.ru:443 "GET /messenger/v2/accounts/316615541/chats?limit=100&offset=600 HTTP/1.1" 200 None
2025-10-23 18:59:31,957 - werkzeug - INFO - 127.0.0.1 - - [23/Oct/2025 18:59:31] "GET /socket.io/?EIO=4&transport=websocket&sid=jOsAN4Jkr24gHNPmAAAG HTTP/1.1" 200 -
2025-10-23 18:59:31,957 - urllib3.connectionpool - DEBUG - https://api.avito.ru:443 "POST /job/v1/applications/get_by_ids HTTP/1.1" 200 None
2025-10-23 18:59:31,958 - __main__ - INFO - Response status: 200
2025-10-23 18:59:31,958 - __main__ - INFO - Response text: {"applies":[{"applicant":{"data":{"birthday":"2004-07-30","citizenship":"rus","name":"Якимов Юрий Витальевич"},"id":"181643029"},"contacts":{"chat":{"value":"u2i-ubi1m1M4W_jdEE6PEQ3l2w"},"phones":[{"status":null,"value":"79991749676"}]},"created_at":"2025-10-20T05:58:20.233083+03:00","employee_id":null,"enriched_properties":{"age":{"matching_status":"matched","value":21},"citizenship":{"matching_status":"no_criteria","value":"rus"},"full_name":{"matching_status":"no_criteria","value":"Якимов Юри
2025-10-23 18:59:31,959 - __main__ - INFO - Response keys: dict_keys(['applies'])
2025-10-23 18:59:31,960 - __main__ - INFO - Получено откликов с деталями: 20
2025-10-23 18:59:31,968 - __main__ - INFO - Сохранено в БД: 20 откликов
2025-10-23 18:59:31,969 - werkzeug - INFO - 127.0.0.1 - - [23/Oct/2025 18:59:31] "POST /api/applications/details HTTP/1.1" 200 -
2025-10-23 18:59:32,152 - urllib3.connectionpool - DEBUG - https://api.avito.ru:443 "GET /messenger/v2/accounts/316615541/chats?limit=100&offset=400 HTTP/1.1" 200 None
2025-10-23 18:59:32,282 - werkzeug - INFO - 127.0.0.1 - - [23/Oct/2025 18:59:32] "GET / HTTP/1.1" 200 -
2025-10-23 18:59:32,283 - __main__ - INFO - === get_applications_details: 20 IDs ===
2025-10-23 18:59:32,283 - __main__ - INFO - Запрос деталей для 20 откликов
2025-10-23 18:59:32,581 - urllib3.connectionpool - DEBUG - https://api.avito.ru:443 "POST /job/v1/applications/get_by_ids HTTP/1.1" 200 None
2025-10-23 18:59:32,581 - __main__ - INFO - Response status: 200
2025-10-23 18:59:32,582 - __main__ - INFO - Response text: {"applies":[{"applicant":{"data":{"name":"Стрежнев Михаил сергеевич"},"id":"358176879"},"contacts":{"chat":{"value":"u2i-z~U0lIVcHcIqdhLWquhmzQ"},"phones":[{"status":null,"value":"79089091181"}]},"created_at":"2025-10-20T04:26:04.075498+03:00","employee_id":null,"enriched_properties":null,"id":"68f58fad57335926a76da0f3","is_viewed":true,"negotiation_id":950309723,"price":{"bonus":0,"real":6100,"total":6100},"type":"by_chat","updated_at":"2025-10-20T01:26:26Z","vacancy_id":7666536478},{"applicant
2025-10-23 18:59:32,583 - __main__ - INFO - Response keys: dict_keys(['applies'])
2025-10-23 18:59:32,583 - __main__ - INFO - Получено откликов с деталями: 20
2025-10-23 18:59:32,589 - __main__ - INFO - Сохранено в БД: 20 откликов
2025-10-23 18:59:32,590 - werkzeug - INFO - 127.0.0.1 - - [23/Oct/2025 18:59:32] "POST /api/applications/details HTTP/1.1" 200 -
2025-10-23 18:59:33,571 - urllib3.connectionpool - DEBUG - https://api.avito.ru:443 "GET /messenger/v2/accounts/316615541/chats?limit=100&offset=700 HTTP/1.1" 200 None
2025-10-23 18:59:33,850 - __main__ - INFO - === get_job_applications: days=7, limit=100 ===
2025-10-23 18:59:33,851 - werkzeug - INFO - 127.0.0.1 - - [23/Oct/2025 18:59:33] "GET /socket.io/?EIO=4&transport=polling&t=PeHp02P HTTP/1.1" 200 -
2025-10-23 18:59:33,851 - __main__ - INFO - === get_all_job_applications: days=30 ===
2025-10-23 18:59:33,851 - __main__ - INFO - Запрос откликов с датой: 2025-10-16
2025-10-23 18:59:33,852 - werkzeug - INFO - 127.0.0.1 - - [23/Oct/2025 18:59:33] "GET /api/auto-reply/status HTTP/1.1" 200 -
2025-10-23 18:59:33,854 - __main__ - INFO - Запрос ВСЕХ откликов с датой: 2025-09-23
2025-10-23 18:59:33,854 - __main__ - INFO - --- Страница 1 ---
2025-10-23 18:59:33,855 - __main__ - INFO - Запрос первой страницы откликов...
2025-10-23 18:59:34,041 - urllib3.connectionpool - DEBUG - https://api.avito.ru:443 "GET /messenger/v2/accounts/316615541/chats?limit=100&offset=500 HTTP/1.1" 200 None
2025-10-23 18:59:34,153 - urllib3.connectionpool - DEBUG - https://api.avito.ru:443 "GET /job/v1/applications/get_ids?limit=100&updatedAtFrom=2025-10-16 HTTP/1.1" 200 None
2025-10-23 18:59:34,154 - __main__ - INFO - Response type: <class 'requests.models.Response'>
2025-10-23 18:59:34,154 - __main__ - INFO - Status code: 200
2025-10-23 18:59:34,155 - __main__ - INFO - Response text: {"applies":[{"created_at":"2025-10-23T16:18:17.701491+03:00","id":"68fa2b1a57335926a7446657","updated_at":"2025-10-23T13:38:12Z"},{"created_at":"2025-10-23T10:54:13.201817+03:00","id":"68f9df2557335926a7ea82e3","updated_at":"2025-10-23T10:31:58Z"},{"created_at":"2025-10-23T10:16:09.808908+03:00","id":"68f9d63a57335926a7a63d00","updated_at":"2025-10-23T09:25:44Z"},{"created_at":"2025-10-22T23:04:26.619384+03:00","id":"68f938cc57335926a7acbcbb","updated_at":"2025-10-23T09:39:45Z"},{"created_at":"2
2025-10-23 18:59:34,155 - __main__ - INFO - Response JSON keys: dict_keys(['applies'])
2025-10-23 18:59:34,155 - __main__ - INFO - Найдено откликов: 100
2025-10-23 18:59:34,156 - __main__ - INFO - IDs откликов: ['68fa2b1a57335926a7446657', '68f9df2557335926a7ea82e3', '68f9d63a57335926a7a63d00', '68f938cc57335926a7acbcbb', '68f91f7957335926a725811e']...
2025-10-23 18:59:34,156 - werkzeug - INFO - 127.0.0.1 - - [23/Oct/2025 18:59:34] "GET /api/applications?days=7&limit=100 HTTP/1.1" 200 -
2025-10-23 18:59:34,158 - urllib3.connectionpool - DEBUG - https://api.avito.ru:443 "GET /job/v1/applications/get_ids?limit=100&updatedAtFrom=2025-09-23 HTTP/1.1" 200 None
2025-10-23 18:59:34,159 - __main__ - INFO - === api_chat_metrics ===
2025-10-23 18:59:34,160 - __main__ - INFO - Response status: 200
2025-10-23 18:59:34,160 - __main__ - INFO - Получение всех чатов через пагинацию...
2025-10-23 18:59:34,163 - __main__ - INFO - Получено откликов на странице: 100
2025-10-23 18:59:34,164 - urllib3.connectionpool - DEBUG - https://api.avito.ru:443 "GET /core/v1/accounts/316615541/balance/ HTTP/1.1" 200 25
2025-10-23 18:59:34,166 - werkzeug - INFO - 127.0.0.1 - - [23/Oct/2025 18:59:34] "GET /api/auto-reply/status HTTP/1.1" 200 -
2025-10-23 18:59:34,166 - __main__ - INFO - Всего откликов собрано: 100
2025-10-23 18:59:34,169 - werkzeug - INFO - 127.0.0.1 - - [23/Oct/2025 18:59:34] "GET /api/balance HTTP/1.1" 200 -
2025-10-23 18:59:34,170 - __main__ - INFO - ID последнего отклика для cursor: 68f71fbc57335926a770...
2025-10-23 18:59:34,171 - __main__ - INFO - --- Страница 2 ---
2025-10-23 18:59:34,171 - __main__ - INFO - Запрос с cursor: 68f71fbc57335926a770...
2025-10-23 18:59:34,464 - werkzeug - INFO - 127.0.0.1 - - [23/Oct/2025 18:59:34] "POST /socket.io/?EIO=4&transport=polling&t=PeHp07V&sid=fZcMZqAVZpXazvCWAAAI HTTP/1.1" 200 -
2025-10-23 18:59:34,465 - urllib3.connectionpool - DEBUG - https://api.avito.ru:443 "GET /job/v1/applications/get_ids?limit=100&updatedAtFrom=2025-09-23&cursor=68f71fbc57335926a770e46e HTTP/1.1" 200 None
2025-10-23 18:59:34,466 - __main__ - INFO - Response status: 200
2025-10-23 18:59:34,467 - __main__ - INFO - Получено откликов на странице: 100
2025-10-23 18:59:34,467 - __main__ - INFO - Всего откликов собрано: 200
2025-10-23 18:59:34,468 - __main__ - INFO - ID последнего отклика для cursor: 68f58fad57335926a76d...
2025-10-23 18:59:34,469 - __main__ - INFO - --- Страница 3 ---
2025-10-23 18:59:34,469 - __main__ - INFO - Запрос с cursor: 68f58fad57335926a76d...
2025-10-23 18:59:34,484 - werkzeug - INFO - 127.0.0.1 - - [23/Oct/2025 18:59:34] "GET /socket.io/?EIO=4&transport=polling&t=PeHp07V.0&sid=fZcMZqAVZpXazvCWAAAI HTTP/1.1" 200 -
2025-10-23 18:59:34,547 - urllib3.connectionpool - DEBUG - https://api.avito.ru:443 "GET /messenger/v2/accounts/316615541/chats?limit=100&offset=0 HTTP/1.1" 200 None
2025-10-23 18:59:34,760 - urllib3.connectionpool - DEBUG - https://api.avito.ru:443 "GET /job/v1/applications/get_ids?limit=100&updatedAtFrom=2025-09-23&cursor=68f58fad57335926a76da0f3 HTTP/1.1" 200 None
2025-10-23 18:59:34,761 - __main__ - INFO - Response status: 200
2025-10-23 18:59:34,762 - __main__ - INFO - Получено откликов на странице: 100
2025-10-23 18:59:34,762 - __main__ - INFO - Всего откликов собрано: 300
2025-10-23 18:59:34,762 - __main__ - INFO - ID последнего отклика для cursor: 68ef891d57335926a7ed...
2025-10-23 18:59:34,762 - __main__ - INFO - --- Страница 4 ---
2025-10-23 18:59:34,763 - __main__ - INFO - Запрос с cursor: 68ef891d57335926a7ed...
2025-10-23 18:59:34,830 - urllib3.connectionpool - DEBUG - https://api.avito.ru:443 "GET /messenger/v2/accounts/316615541/chats?limit=100&offset=0 HTTP/1.1" 200 None
2025-10-23 18:59:35,033 - urllib3.connectionpool - DEBUG - https://api.avito.ru:443 "GET /messenger/v2/accounts/316615541/chats?limit=100&offset=800 HTTP/1.1" 200 None
2025-10-23 18:59:35,040 - werkzeug - INFO - 127.0.0.1 - - [23/Oct/2025 18:59:35] "GET /socket.io/?EIO=4&transport=websocket&sid=fZcMZqAVZpXazvCWAAAI HTTP/1.1" 200 -
2025-10-23 18:59:35,065 - urllib3.connectionpool - DEBUG - https://api.avito.ru:443 "GET /job/v1/applications/get_ids?limit=100&updatedAtFrom=2025-09-23&cursor=68ef891d57335926a7ed1206 HTTP/1.1" 200 None
2025-10-23 18:59:35,066 - __main__ - INFO - Response status: 200
2025-10-23 18:59:35,067 - __main__ - INFO - Получено откликов на странице: 100
2025-10-23 18:59:35,067 - __main__ - INFO - Всего откликов собрано: 400
2025-10-23 18:59:35,067 - __main__ - INFO - ID последнего отклика для cursor: 68ee40e557335926a7bf...
2025-10-23 18:59:35,068 - __main__ - INFO - --- Страница 5 ---
2025-10-23 18:59:35,068 - __main__ - INFO - Запрос с cursor: 68ee40e557335926a7bf...
2025-10-23 18:59:35,362 - urllib3.connectionpool - DEBUG - https://api.avito.ru:443 "GET /job/v1/applications/get_ids?limit=100&updatedAtFrom=2025-09-23&cursor=68ee40e557335926a7bf3f69 HTTP/1.1" 200 None
2025-10-23 18:59:35,363 - __main__ - INFO - Response status: 200
2025-10-23 18:59:35,364 - __main__ - INFO - Получено откликов на странице: 100
2025-10-23 18:59:35,364 - __main__ - INFO - Всего откликов собрано: 500
2025-10-23 18:59:35,364 - __main__ - INFO - ID последнего отклика для cursor: 68e7bde72c1693c1b640...
2025-10-23 18:59:35,364 - __main__ - INFO - --- Страница 6 ---
2025-10-23 18:59:35,365 - __main__ - INFO - Запрос с cursor: 68e7bde72c1693c1b640...
2025-10-23 18:59:35,656 - urllib3.connectionpool - DEBUG - https://api.avito.ru:443 "GET /job/v1/applications/get_ids?limit=100&updatedAtFrom=2025-09-23&cursor=68e7bde72c1693c1b6401454 HTTP/1.1" 200 None
2025-10-23 18:59:35,656 - __main__ - INFO - Response status: 200
2025-10-23 18:59:35,657 - __main__ - INFO - Получено откликов на странице: 100
2025-10-23 18:59:35,657 - __main__ - INFO - Всего откликов собрано: 600
2025-10-23 18:59:35,657 - __main__ - INFO - ID последнего отклика для cursor: 68df7b182c1693c1b6e9...
2025-10-23 18:59:35,658 - __main__ - INFO - --- Страница 7 ---
2025-10-23 18:59:35,658 - __main__ - INFO - Запрос с cursor: 68df7b182c1693c1b6e9...
2025-10-23 18:59:35,796 - urllib3.connectionpool - DEBUG - https://api.avito.ru:443 "GET /messenger/v2/accounts/316615541/chats?limit=100&offset=600 HTTP/1.1" 200 None
2025-10-23 18:59:35,945 - urllib3.connectionpool - DEBUG - https://api.avito.ru:443 "GET /job/v1/applications/get_ids?limit=100&updatedAtFrom=2025-09-23&cursor=68df7b182c1693c1b6e97d21 HTTP/1.1" 200 None
2025-10-23 18:59:35,946 - __main__ - INFO - Response status: 200
2025-10-23 18:59:35,946 - __main__ - INFO - Получено откликов на странице: 46
2025-10-23 18:59:35,947 - __main__ - INFO - Всего откликов собрано: 646
2025-10-23 18:59:35,947 - __main__ - INFO - ID последнего отклика для cursor: 68b5a4b31deb3bab0fde...
2025-10-23 18:59:35,947 - __main__ - INFO - Получено меньше лимита (46 < 100), последняя страница
2025-10-23 18:59:35,947 - __main__ - INFO - === ИТОГО: Получено 646 откликов за 7 страниц ===
2025-10-23 18:59:35,948 - __main__ - INFO - ✅ Все 646 ID уникальны - дубликатов нет
2025-10-23 18:59:35,949 - werkzeug - INFO - 127.0.0.1 - - [23/Oct/2025 18:59:35] "GET /api/applications/all?days=30 HTTP/1.1" 200 -
2025-10-23 18:59:36,041 - urllib3.connectionpool - DEBUG - https://api.avito.ru:443 "GET /messenger/v2/accounts/316615541/chats?limit=100&offset=100 HTTP/1.1" 200 None
2025-10-23 18:59:36,287 - urllib3.connectionpool - DEBUG - https://api.avito.ru:443 "GET /messenger/v2/accounts/316615541/chats?limit=100&offset=100 HTTP/1.1" 200 None
2025-10-23 18:59:36,735 - urllib3.connectionpool - DEBUG - https://api.avito.ru:443 "GET /messenger/v2/accounts/316615541/chats?limit=100&offset=200 HTTP/1.1" 200 None
2025-10-23 18:59:36,748 - urllib3.connectionpool - DEBUG - https://api.avito.ru:443 "GET /messenger/v2/accounts/316615541/chats?limit=100&offset=900 HTTP/1.1" 200 None
2025-10-23 18:59:36,947 - urllib3.connectionpool - DEBUG - https://api.avito.ru:443 "GET /messenger/v2/accounts/316615541/chats?limit=100&offset=200 HTTP/1.1" 200 None
2025-10-23 18:59:37,440 - urllib3.connectionpool - DEBUG - https://api.avito.ru:443 "GET /messenger/v2/accounts/316615541/chats?limit=100&offset=300 HTTP/1.1" 200 None
2025-10-23 18:59:37,539 - urllib3.connectionpool - DEBUG - https://api.avito.ru:443 "GET /messenger/v2/accounts/316615541/chats?limit=100&offset=700 HTTP/1.1" 200 None
2025-10-23 18:59:37,688 - urllib3.connectionpool - DEBUG - https://api.avito.ru:443 "GET /messenger/v2/accounts/316615541/chats?limit=100&offset=300 HTTP/1.1" 200 None
2025-10-23 18:59:38,131 - urllib3.connectionpool - DEBUG - https://api.avito.ru:443 "GET /messenger/v2/accounts/316615541/chats?limit=100&offset=400 HTTP/1.1" 200 None
2025-10-23 18:59:38,345 - urllib3.connectionpool - DEBUG - https://api.avito.ru:443 "GET /messenger/v2/accounts/316615541/chats?limit=100&offset=400 HTTP/1.1" 200 None
2025-10-23 18:59:38,470 - urllib3.connectionpool - DEBUG - https://api.avito.ru:443 "GET /messenger/v2/accounts/316615541/chats?limit=100&offset=1000 HTTP/1.1" 200 None
2025-10-23 18:59:38,555 - urllib3.connectionpool - DEBUG - https://api.avito.ru:443 "GET /messenger/v2/accounts/316615541/chats?limit=100&offset=500 HTTP/1.1" 200 None
2025-10-23 18:59:38,989 - urllib3.connectionpool - DEBUG - https://api.avito.ru:443 "GET /messenger/v2/accounts/316615541/chats?limit=100&offset=600 HTTP/1.1" 200 None
2025-10-23 18:59:39,002 - urllib3.connectionpool - DEBUG - https://api.avito.ru:443 "GET /messenger/v2/accounts/316615541/chats?limit=100&offset=500 HTTP/1.1" 200 None
2025-10-23 18:59:39,110 - urllib3.connectionpool - DEBUG - https://api.avito.ru:443 "GET /messenger/v2/accounts/316615541/chats?limit=100&offset=800 HTTP/1.1" 200 None
2025-10-23 18:59:39,401 - urllib3.connectionpool - DEBUG - https://api.avito.ru:443 "GET /messenger/v2/accounts/316615541/chats?limit=100&offset=700 HTTP/1.1" 200 None
2025-10-23 18:59:39,674 - urllib3.connectionpool - DEBUG - https://api.avito.ru:443 "GET /messenger/v2/accounts/316615541/chats?limit=100&offset=600 HTTP/1.1" 200 None
2025-10-23 18:59:39,763 - __main__ - INFO - Получено чатов для анализа: 1100
2025-10-23 18:59:39,766 - __main__ - INFO - Метрики: {'wrote_read_no_reply': 498, 'wrote_unread': 484, 'not_wrote': 0, 'waiting_reply': 83, 'auto_reply_sent': 35}
2025-10-23 18:59:39,771 - werkzeug - INFO - 127.0.0.1 - - [23/Oct/2025 18:59:39] "GET /api/chats/metrics HTTP/1.1" 200 -
2025-10-23 18:59:39,831 - urllib3.connectionpool - DEBUG - https://api.avito.ru:443 "GET /messenger/v2/accounts/316615541/chats?limit=100&offset=800 HTTP/1.1" 200 None
2025-10-23 18:59:40,315 - urllib3.connectionpool - DEBUG - https://api.avito.ru:443 "GET /messenger/v2/accounts/316615541/chats?limit=100&offset=700 HTTP/1.1" 200 None
2025-10-23 18:59:40,519 - urllib3.connectionpool - DEBUG - https://api.avito.ru:443 "GET /messenger/v2/accounts/316615541/chats?limit=100&offset=900 HTTP/1.1" 200 None
2025-10-23 18:59:40,859 - urllib3.connectionpool - DEBUG - https://api.avito.ru:443 "GET /messenger/v2/accounts/316615541/chats?limit=100&offset=900 HTTP/1.1" 200 None
2025-10-23 18:59:40,971 - urllib3.connectionpool - DEBUG - https://api.avito.ru:443 "GET /messenger/v2/accounts/316615541/chats?limit=100&offset=800 HTTP/1.1" 200 None
2025-10-23 18:59:41,189 - urllib3.connectionpool - DEBUG - https://api.avito.ru:443 "GET /messenger/v2/accounts/316615541/chats?limit=100&offset=1000 HTTP/1.1" 200 None
2025-10-23 18:59:41,543 - werkzeug - INFO - 127.0.0.1 - - [23/Oct/2025 18:59:41] "GET /api/chats/all HTTP/1.1" 200 -
2025-10-23 18:59:41,666 - urllib3.connectionpool - DEBUG - https://api.avito.ru:443 "GET /messenger/v2/accounts/316615541/chats?limit=100&offset=900 HTTP/1.1" 200 None
2025-10-23 18:59:42,331 - urllib3.connectionpool - DEBUG - https://api.avito.ru:443 "GET /messenger/v2/accounts/316615541/chats?limit=100&offset=1000 HTTP/1.1" 200 None
2025-10-23 18:59:42,592 - __main__ - INFO - Получено чатов для анализа: 1100
2025-10-23 18:59:42,593 - __main__ - INFO - Метрики: {'wrote_read_no_reply': 498, 'wrote_unread': 484, 'not_wrote': 0, 'waiting_reply': 83, 'auto_reply_sent': 35}
2025-10-23 18:59:42,599 - werkzeug - INFO - 127.0.0.1 - - [23/Oct/2025 18:59:42] "GET /api/chats/metrics HTTP/1.1" 200 -
2025-10-23 18:59:42,615 - urllib3.connectionpool - DEBUG - https://api.avito.ru:443 "GET /messenger/v2/accounts/316615541/chats?limit=100&offset=1000 HTTP/1.1" 200 None
2025-10-23 18:59:43,989 - werkzeug - INFO - 127.0.0.1 - - [23/Oct/2025 18:59:43] "GET /api/chats/all HTTP/1.1" 200 -
2025-10-23 18:59:44,743 - __main__ - INFO - === get_job_applications: days=7, limit=100 ===
2025-10-23 18:59:44,744 - __main__ - INFO - Запрос откликов с датой: 2025-10-16
2025-10-23 18:59:44,745 - werkzeug - INFO - 127.0.0.1 - - [23/Oct/2025 18:59:44] "GET /api/auto-reply/status HTTP/1.1" 200 -
2025-10-23 18:59:45,040 - urllib3.connectionpool - DEBUG - https://api.avito.ru:443 "GET /job/v1/applications/get_ids?limit=100&updatedAtFrom=2025-10-16 HTTP/1.1" 200 None
2025-10-23 18:59:45,041 - __main__ - INFO - Response type: <class 'requests.models.Response'>
2025-10-23 18:59:45,042 - __main__ - INFO - Status code: 200
2025-10-23 18:59:45,042 - __main__ - INFO - Response text: {"applies":[{"created_at":"2025-10-23T16:18:17.701491+03:00","id":"68fa2b1a57335926a7446657","updated_at":"2025-10-23T13:38:12Z"},{"created_at":"2025-10-23T10:54:13.201817+03:00","id":"68f9df2557335926a7ea82e3","updated_at":"2025-10-23T10:31:58Z"},{"created_at":"2025-10-23T10:16:09.808908+03:00","id":"68f9d63a57335926a7a63d00","updated_at":"2025-10-23T09:25:44Z"},{"created_at":"2025-10-22T23:04:26.619384+03:00","id":"68f938cc57335926a7acbcbb","updated_at":"2025-10-23T09:39:45Z"},{"created_at":"2
2025-10-23 18:59:45,042 - __main__ - INFO - Response JSON keys: dict_keys(['applies'])
2025-10-23 18:59:45,042 - __main__ - INFO - Найдено откликов: 100
2025-10-23 18:59:45,042 - __main__ - INFO - IDs откликов: ['68fa2b1a57335926a7446657', '68f9df2557335926a7ea82e3', '68f9d63a57335926a7a63d00', '68f938cc57335926a7acbcbb', '68f91f7957335926a725811e']...
2025-10-23 18:59:45,043 - werkzeug - INFO - 127.0.0.1 - - [23/Oct/2025 18:59:45] "GET /api/applications?days=7&limit=100 HTTP/1.1" 200 -
2025-10-23 18:59:45,071 - urllib3.connectionpool - DEBUG - https://api.avito.ru:443 "GET /core/v1/accounts/316615541/balance/ HTTP/1.1" 200 25
2025-10-23 18:59:45,072 - werkzeug - INFO - 127.0.0.1 - - [23/Oct/2025 18:59:45] "GET /api/balance HTTP/1.1" 200 -
2025-10-23 18:59:46,879 - werkzeug - INFO - 127.0.0.1 - - [23/Oct/2025 18:59:46] "GET / HTTP/1.1" 200 -
2025-10-23 18:59:46,952 - werkzeug - INFO - 127.0.0.1 - - [23/Oct/2025 18:59:46] "GET /socket.io/?EIO=4&transport=polling&t=PeHp3Jx HTTP/1.1" 200 -
2025-10-23 18:59:47,292 - __main__ - INFO - === get_job_applications: days=7, limit=100 ===
2025-10-23 18:59:47,294 - __main__ - INFO - === get_all_job_applications: days=30 ===
2025-10-23 18:59:47,294 - __main__ - INFO - Запрос откликов с датой: 2025-10-16
2025-10-23 18:59:47,295 - __main__ - INFO - === api_chat_metrics ===
2025-10-23 18:59:47,295 - __main__ - INFO - Запрос ВСЕХ откликов с датой: 2025-09-23
2025-10-23 18:59:47,297 - werkzeug - INFO - 127.0.0.1 - - [23/Oct/2025 18:59:47] "GET /api/auto-reply/status HTTP/1.1" 200 -
2025-10-23 18:59:47,297 - __main__ - INFO - Получение всех чатов через пагинацию...
2025-10-23 18:59:47,297 - __main__ - INFO - --- Страница 1 ---
2025-10-23 18:59:47,299 - __main__ - INFO - Запрос первой страницы откликов...
2025-10-23 18:59:47,447 - urllib3.connectionpool - DEBUG - https://api.avito.ru:443 "GET /core/v1/accounts/316615541/balance/ HTTP/1.1" 200 25
2025-10-23 18:59:47,449 - werkzeug - INFO - 127.0.0.1 - - [23/Oct/2025 18:59:47] "GET /api/balance HTTP/1.1" 200 -
2025-10-23 18:59:47,594 - urllib3.connectionpool - DEBUG - https://api.avito.ru:443 "GET /job/v1/applications/get_ids?limit=100&updatedAtFrom=2025-09-23 HTTP/1.1" 200 None
2025-10-23 18:59:47,595 - __main__ - INFO - Response status: 200
2025-10-23 18:59:47,595 - __main__ - INFO - Получено откликов на странице: 100
2025-10-23 18:59:47,595 - __main__ - INFO - Всего откликов собрано: 100
2025-10-23 18:59:47,595 - __main__ - INFO - ID последнего отклика для cursor: 68f71fbc57335926a770...
2025-10-23 18:59:47,596 - __main__ - INFO - --- Страница 2 ---
2025-10-23 18:59:47,596 - __main__ - INFO - Запрос с cursor: 68f71fbc57335926a770...
2025-10-23 18:59:47,598 - urllib3.connectionpool - DEBUG - https://api.avito.ru:443 "GET /job/v1/applications/get_ids?limit=100&updatedAtFrom=2025-10-16 HTTP/1.1" 200 None
2025-10-23 18:59:47,599 - __main__ - INFO - Response type: <class 'requests.models.Response'>
2025-10-23 18:59:47,599 - __main__ - INFO - Status code: 200
2025-10-23 18:59:47,599 - __main__ - INFO - Response text: {"applies":[{"created_at":"2025-10-23T16:18:17.701491+03:00","id":"68fa2b1a57335926a7446657","updated_at":"2025-10-23T13:38:12Z"},{"created_at":"2025-10-23T10:54:13.201817+03:00","id":"68f9df2557335926a7ea82e3","updated_at":"2025-10-23T10:31:58Z"},{"created_at":"2025-10-23T10:16:09.808908+03:00","id":"68f9d63a57335926a7a63d00","updated_at":"2025-10-23T09:25:44Z"},{"created_at":"2025-10-22T23:04:26.619384+03:00","id":"68f938cc57335926a7acbcbb","updated_at":"2025-10-23T09:39:45Z"},{"created_at":"2
2025-10-23 18:59:47,600 - __main__ - INFO - Response JSON keys: dict_keys(['applies'])
2025-10-23 18:59:47,600 - __main__ - INFO - Найдено откликов: 100
2025-10-23 18:59:47,600 - __main__ - INFO - IDs откликов: ['68fa2b1a57335926a7446657', '68f9df2557335926a7ea82e3', '68f9d63a57335926a7a63d00', '68f938cc57335926a7acbcbb', '68f91f7957335926a725811e']...
2025-10-23 18:59:47,601 - werkzeug - INFO - 127.0.0.1 - - [23/Oct/2025 18:59:47] "GET /api/applications?days=7&limit=100 HTTP/1.1" 200 -
2025-10-23 18:59:47,604 - werkzeug - INFO - 127.0.0.1 - - [23/Oct/2025 18:59:47] "POST /socket.io/?EIO=4&transport=polling&t=PeHp3Kn&sid=qwYE_YBYa1VdH089AAAK HTTP/1.1" 200 -
2025-10-23 18:59:47,762 - werkzeug - INFO - 127.0.0.1 - - [23/Oct/2025 18:59:47] "GET /socket.io/?EIO=4&transport=polling&t=PeHp3Kp&sid=qwYE_YBYa1VdH089AAAK HTTP/1.1" 200 -
2025-10-23 18:59:47,902 - urllib3.connectionpool - DEBUG - https://api.avito.ru:443 "GET /job/v1/applications/get_ids?limit=100&updatedAtFrom=2025-09-23&cursor=68f71fbc57335926a770e46e HTTP/1.1" 200 None
2025-10-23 18:59:47,903 - __main__ - INFO - Response status: 200
2025-10-23 18:59:47,904 - __main__ - INFO - Получено откликов на странице: 100
2025-10-23 18:59:47,904 - __main__ - INFO - Всего откликов собрано: 200
2025-10-23 18:59:47,904 - __main__ - INFO - ID последнего отклика для cursor: 68f58fad57335926a76d...
2025-10-23 18:59:47,904 - __main__ - INFO - --- Страница 3 ---
2025-10-23 18:59:47,905 - __main__ - INFO - Запрос с cursor: 68f58fad57335926a76d...
2025-10-23 18:59:47,914 - werkzeug - INFO - 127.0.0.1 - - [23/Oct/2025 18:59:47] "GET /api/auto-reply/status HTTP/1.1" 200 -
2025-10-23 18:59:47,953 - urllib3.connectionpool - DEBUG - https://api.avito.ru:443 "GET /messenger/v2/accounts/316615541/chats?limit=100&offset=0 HTTP/1.1" 200 None
2025-10-23 18:59:47,973 - urllib3.connectionpool - DEBUG - https://api.avito.ru:443 "GET /messenger/v2/accounts/316615541/chats?limit=100&offset=0 HTTP/1.1" 200 None
2025-10-23 18:59:48,147 - werkzeug - INFO - 127.0.0.1 - - [23/Oct/2025 18:59:48] "GET /socket.io/?EIO=4&transport=websocket&sid=OSEyjM0yT9bTzBosAAAA HTTP/1.1" 200 -
2025-10-23 18:59:48,207 - urllib3.connectionpool - DEBUG - https://api.avito.ru:443 "GET /job/v1/applications/get_ids?limit=100&updatedAtFrom=2025-09-23&cursor=68f58fad57335926a76da0f3 HTTP/1.1" 200 None
2025-10-23 18:59:48,209 - __main__ - INFO - Response status: 200
2025-10-23 18:59:48,209 - __main__ - INFO - Получено откликов на странице: 100
2025-10-23 18:59:48,209 - __main__ - INFO - Всего откликов собрано: 300
2025-10-23 18:59:48,209 - __main__ - INFO - ID последнего отклика для cursor: 68ef891d57335926a7ed...
2025-10-23 18:59:48,210 - __main__ - INFO - --- Страница 4 ---
2025-10-23 18:59:48,210 - __main__ - INFO - Запрос с cursor: 68ef891d57335926a7ed...
2025-10-23 18:59:48,506 - urllib3.connectionpool - DEBUG - https://api.avito.ru:443 "GET /job/v1/applications/get_ids?limit=100&updatedAtFrom=2025-09-23&cursor=68ef891d57335926a7ed1206 HTTP/1.1" 200 None
2025-10-23 18:59:48,507 - __main__ - INFO - Response status: 200
2025-10-23 18:59:48,507 - __main__ - INFO - Получено откликов на странице: 100
2025-10-23 18:59:48,507 - __main__ - INFO - Всего откликов собрано: 400
2025-10-23 18:59:48,508 - __main__ - INFO - ID последнего отклика для cursor: 68ee40e557335926a7bf...
2025-10-23 18:59:48,508 - __main__ - INFO - --- Страница 5 ---
2025-10-23 18:59:48,508 - __main__ - INFO - Запрос с cursor: 68ee40e557335926a7bf...
2025-10-23 18:59:48,809 - urllib3.connectionpool - DEBUG - https://api.avito.ru:443 "GET /job/v1/applications/get_ids?limit=100&updatedAtFrom=2025-09-23&cursor=68ee40e557335926a7bf3f69 HTTP/1.1" 200 None
2025-10-23 18:59:48,810 - __main__ - INFO - Response status: 200
2025-10-23 18:59:48,810 - __main__ - INFO - Получено откликов на странице: 100
2025-10-23 18:59:48,811 - __main__ - INFO - Всего откликов собрано: 500
2025-10-23 18:59:48,811 - __main__ - INFO - ID последнего отклика для cursor: 68e7bde72c1693c1b640...
2025-10-23 18:59:48,811 - __main__ - INFO - --- Страница 6 ---
2025-10-23 18:59:48,811 - __main__ - INFO - Запрос с cursor: 68e7bde72c1693c1b640...
2025-10-23 18:59:49,111 - urllib3.connectionpool - DEBUG - https://api.avito.ru:443 "GET /job/v1/applications/get_ids?limit=100&updatedAtFrom=2025-09-23&cursor=68e7bde72c1693c1b6401454 HTTP/1.1" 200 None
2025-10-23 18:59:49,112 - __main__ - INFO - Response status: 200
2025-10-23 18:59:49,112 - __main__ - INFO - Получено откликов на странице: 100
2025-10-23 18:59:49,113 - __main__ - INFO - Всего откликов собрано: 600
2025-10-23 18:59:49,113 - __main__ - INFO - ID последнего отклика для cursor: 68df7b182c1693c1b6e9...
2025-10-23 18:59:49,113 - __main__ - INFO - --- Страница 7 ---
2025-10-23 18:59:49,113 - __main__ - INFO - Запрос с cursor: 68df7b182c1693c1b6e9...
2025-10-23 18:59:49,399 - urllib3.connectionpool - DEBUG - https://api.avito.ru:443 "GET /messenger/v2/accounts/316615541/chats?limit=100&offset=100 HTTP/1.1" 200 None
2025-10-23 18:59:49,407 - urllib3.connectionpool - DEBUG - https://api.avito.ru:443 "GET /job/v1/applications/get_ids?limit=100&updatedAtFrom=2025-09-23&cursor=68df7b182c1693c1b6e97d21 HTTP/1.1" 200 None
2025-10-23 18:59:49,408 - __main__ - INFO - Response status: 200
2025-10-23 18:59:49,408 - __main__ - INFO - Получено откликов на странице: 46
2025-10-23 18:59:49,409 - __main__ - INFO - Всего откликов собрано: 646
2025-10-23 18:59:49,409 - __main__ - INFO - ID последнего отклика для cursor: 68b5a4b31deb3bab0fde...
2025-10-23 18:59:49,409 - __main__ - INFO - Получено меньше лимита (46 < 100), последняя страница
2025-10-23 18:59:49,409 - __main__ - INFO - === ИТОГО: Получено 646 откликов за 7 страниц ===
2025-10-23 18:59:49,410 - __main__ - INFO - ✅ Все 646 ID уникальны - дубликатов нет
2025-10-23 18:59:49,412 - werkzeug - INFO - 127.0.0.1 - - [23/Oct/2025 18:59:49] "GET /api/applications/all?days=30 HTTP/1.1" 200 -
2025-10-23 18:59:49,733 - __main__ - INFO - === get_applications_details: 20 IDs ===
2025-10-23 18:59:49,733 - __main__ - INFO - Запрос деталей для 20 откликов
2025-10-23 18:59:50,100 - urllib3.connectionpool - DEBUG - https://api.avito.ru:443 "GET /messenger/v2/accounts/316615541/chats?limit=100&offset=200 HTTP/1.1" 200 None
2025-10-23 18:59:50,248 - werkzeug - INFO -  * Detected change in 'C:\\MY PROJECTS\\Avito_messenger\\AvitoAPI\\messenger_app.py', reloading
2025-10-23 18:59:50,275 - urllib3.connectionpool - DEBUG - https://api.avito.ru:443 "GET /messenger/v2/accounts/316615541/chats?limit=100&offset=100 HTTP/1.1" 200 None
2025-10-23 18:59:50,301 - urllib3.connectionpool - DEBUG - https://api.avito.ru:443 "POST /job/v1/applications/get_by_ids HTTP/1.1" 200 None
2025-10-23 18:59:50,302 - __main__ - INFO - Response status: 200
2025-10-23 18:59:50,302 - __main__ - INFO - Response text: {"applies":[{"applicant":{"data":{"birthday":"2001-06-10","citizenship":"Россия","gender":"Мужской","name":"Потапов Антон Сергеевич"},"id":"403574381","resume_id":"7434870869"},"contacts":{"chat":{"value":"u2i-XWQVOBCC3k5cq~2CruL9ow"},"phones":[{"status":null,"value":"79016546327"}]},"created_at":"2025-10-22T10:53:59.659173+03:00","employee_id":null,"enriched_properties":{"age":{"matching_status":"matched","value":24},"citizenship":{"matching_status":"no_criteria","value":"rus"},"full_name":{"ma
2025-10-23 18:59:50,303 - __main__ - INFO - Response keys: dict_keys(['applies'])
2025-10-23 18:59:50,303 - __main__ - INFO - Получено откликов с деталями: 20
2025-10-23 18:59:50,310 - __main__ - INFO - Сохранено в БД: 20 откликов
2025-10-23 18:59:50,311 - werkzeug - INFO - 127.0.0.1 - - [23/Oct/2025 18:59:50] "POST /api/applications/details HTTP/1.1" 200 -
2025-10-23 18:59:51,039 - urllib3.connectionpool - DEBUG - https://api.avito.ru:443 "GET /messenger/v2/accounts/316615541/chats?limit=100&offset=300 HTTP/1.1" 200 None
2025-10-23 18:59:51,739 - urllib3.connectionpool - DEBUG - https://api.avito.ru:443 "GET /messenger/v2/accounts/316615541/chats?limit=100&offset=400 HTTP/1.1" 200 None
2025-10-23 18:59:52,417 - urllib3.connectionpool - DEBUG - https://api.avito.ru:443 "GET /messenger/v2/accounts/316615541/chats?limit=100&offset=500 HTTP/1.1" 200 None
2025-10-23 18:59:52,513 - urllib3.connectionpool - DEBUG - https://api.avito.ru:443 "GET /messenger/v2/accounts/316615541/chats?limit=100&offset=200 HTTP/1.1" 200 None
2025-10-23 18:59:53,090 - urllib3.connectionpool - DEBUG - https://api.avito.ru:443 "GET /messenger/v2/accounts/316615541/chats?limit=100&offset=600 HTTP/1.1" 200 None
2025-10-23 18:59:53,771 - urllib3.connectionpool - DEBUG - https://api.avito.ru:443 "GET /messenger/v2/accounts/316615541/chats?limit=100&offset=700 HTTP/1.1" 200 None
2025-10-23 18:59:54,621 - urllib3.connectionpool - DEBUG - https://api.avito.ru:443 "GET /messenger/v2/accounts/316615541/chats?limit=100&offset=300 HTTP/1.1" 200 None
2025-10-23 18:59:54,913 - urllib3.connectionpool - DEBUG - https://api.avito.ru:443 "GET /messenger/v2/accounts/316615541/chats?limit=100&offset=800 HTTP/1.1" 200 None
2025-10-23 18:59:55,827 - urllib3.connectionpool - DEBUG - https://api.avito.ru:443 "GET /messenger/v2/accounts/316615541/chats?limit=100&offset=900 HTTP/1.1" 200 None
2025-10-23 18:59:56,480 - urllib3.connectionpool - DEBUG - https://api.avito.ru:443 "GET /messenger/v2/accounts/316615541/chats?limit=100&offset=1000 HTTP/1.1" 200 None
2025-10-23 18:59:56,590 - urllib3.connectionpool - DEBUG - https://api.avito.ru:443 "GET /messenger/v2/accounts/316615541/chats?limit=100&offset=400 HTTP/1.1" 200 None
2025-10-23 18:59:56,817 - werkzeug - INFO - 127.0.0.1 - - [23/Oct/2025 18:59:56] "GET /api/chats/all HTTP/1.1" 200 -
2025-10-23 18:59:58,360 - urllib3.connectionpool - DEBUG - https://api.avito.ru:443 "GET /messenger/v2/accounts/316615541/chats?limit=100&offset=500 HTTP/1.1" 200 None
2025-10-23 18:59:58,488 - __main__ - INFO - Получено чатов для анализа: 500
2025-10-23 18:59:58,542 - __main__ - INFO - Метрики: {'wrote_read_no_reply': 144, 'wrote_unread': 316, 'not_wrote': 0, 'waiting_reply': 5, 'auto_reply_sent': 35}
2025-10-23 18:59:58,614 - werkzeug - INFO - 127.0.0.1 - - [23/Oct/2025 18:59:58] "GET /api/chats/metrics HTTP/1.1" 200 -
2025-10-23 19:00:38,770 - werkzeug - INFO - 127.0.0.1 - - [23/Oct/2025 19:00:38] "GET /socket.io/?EIO=4&transport=websocket&sid=qwYE_YBYa1VdH089AAAK HTTP/1.1" 200 -
2025-10-23 19:01:09,785 - urllib3.connectionpool - DEBUG - Starting new HTTPS connection (1): api.avito.ru:443
2025-10-23 19:01:10,119 - urllib3.connectionpool - DEBUG - https://api.avito.ru:443 "POST /token/ HTTP/1.1" 200 169
2025-10-23 19:01:10,120 - AvitoAPI - INFO - Profile: 316615541. Token refreshed.
2025-10-23 19:01:10,153 - werkzeug - INFO - [31m[1mWARNING: This is a development server. Do not use it in a production deployment. Use a production WSGI server instead.[0m
 * Running on all addresses (0.0.0.0)
 * Running on http://127.0.0.1:5000
 * Running on http://192.168.1.4:5000
2025-10-23 19:01:10,153 - werkzeug - INFO - [33mPress CTRL+C to quit[0m
2025-10-23 19:01:10,154 - werkzeug - INFO -  * Restarting with stat
2025-10-23 19:01:10,788 - urllib3.connectionpool - DEBUG - Starting new HTTPS connection (1): api.avito.ru:443
2025-10-23 19:01:11,107 - urllib3.connectionpool - DEBUG - https://api.avito.ru:443 "POST /token/ HTTP/1.1" 200 101
2025-10-23 19:01:11,108 - AvitoAPI - INFO - Profile: 316615541. Token refreshed.
2025-10-23 19:01:11,126 - werkzeug - WARNING -  * Debugger is active!
2025-10-23 19:01:11,131 - werkzeug - INFO -  * Debugger PIN: 495-646-132
2025-10-23 19:01:16,635 - werkzeug - INFO - 127.0.0.1 - - [23/Oct/2025 19:01:16] "GET / HTTP/1.1" 200 -
2025-10-23 19:01:16,704 - werkzeug - INFO - 127.0.0.1 - - [23/Oct/2025 19:01:16] "GET /socket.io/?EIO=4&transport=polling&t=PeHpPEL HTTP/1.1" 200 -
2025-10-23 19:01:16,941 - urllib3.connectionpool - DEBUG - https://api.avito.ru:443 "GET /core/v1/accounts/316615541/balance/ HTTP/1.1" 200 25
2025-10-23 19:01:16,943 - werkzeug - INFO - 127.0.0.1 - - [23/Oct/2025 19:01:16] "GET /api/balance HTTP/1.1" 200 -
2025-10-23 19:01:17,053 - __main__ - INFO - === get_job_applications: days=7, limit=100 ===
2025-10-23 19:01:17,054 - __main__ - INFO - === get_all_job_applications: days=30 ===
2025-10-23 19:01:17,054 - __main__ - INFO - Запрос откликов с датой: 2025-10-16
2025-10-23 19:01:17,055 - __main__ - INFO - === api_chat_metrics ===
2025-10-23 19:01:17,056 - __main__ - INFO - Запрос ВСЕХ откликов с датой: 2025-09-23
2025-10-23 19:01:17,056 - __main__ - INFO - Получение всех чатов через пагинацию...
2025-10-23 19:01:17,057 - __main__ - INFO - --- Страница 1 ---
2025-10-23 19:01:17,059 - urllib3.connectionpool - DEBUG - Starting new HTTPS connection (2): api.avito.ru:443
2025-10-23 19:01:17,059 - __main__ - INFO - Запрос первой страницы откликов...
2025-10-23 19:01:17,059 - werkzeug - INFO - 127.0.0.1 - - [23/Oct/2025 19:01:17] "GET /api/auto-reply/status HTTP/1.1" 200 -
2025-10-23 19:01:17,061 - urllib3.connectionpool - DEBUG - Starting new HTTPS connection (3): api.avito.ru:443
2025-10-23 19:01:17,065 - urllib3.connectionpool - DEBUG - Starting new HTTPS connection (4): api.avito.ru:443
2025-10-23 19:01:17,235 - urllib3.connectionpool - DEBUG - https://api.avito.ru:443 "GET /messenger/v2/accounts/316615541/chats?limit=100&offset=0 HTTP/1.1" 200 None
2025-10-23 19:01:17,250 - werkzeug - INFO - 127.0.0.1 - - [23/Oct/2025 19:01:17] "POST /socket.io/?EIO=4&transport=polling&t=PeHpPFB&sid=KBrTQKB-SOrNKSUGAAAA HTTP/1.1" 200 -
2025-10-23 19:01:17,382 - werkzeug - INFO - 127.0.0.1 - - [23/Oct/2025 19:01:17] "GET /socket.io/?EIO=4&transport=polling&t=PeHpPFD&sid=KBrTQKB-SOrNKSUGAAAA HTTP/1.1" 200 -
2025-10-23 19:01:17,456 - urllib3.connectionpool - DEBUG - https://api.avito.ru:443 "GET /messenger/v2/accounts/316615541/chats?limit=100&offset=100 HTTP/1.1" 200 None
2025-10-23 19:01:17,566 - werkzeug - INFO - 127.0.0.1 - - [23/Oct/2025 19:01:17] "GET /api/auto-reply/status HTTP/1.1" 200 -
2025-10-23 19:01:17,678 - urllib3.connectionpool - DEBUG - https://api.avito.ru:443 "GET /job/v1/applications/get_ids?limit=100&updatedAtFrom=2025-10-16 HTTP/1.1" 200 None
2025-10-23 19:01:17,679 - __main__ - INFO - Response type: <class 'requests.models.Response'>
2025-10-23 19:01:17,680 - __main__ - INFO - Status code: 200
2025-10-23 19:01:17,680 - __main__ - INFO - Response text: {"applies":[{"created_at":"2025-10-23T16:18:17.701491+03:00","id":"68fa2b1a57335926a7446657","updated_at":"2025-10-23T13:38:12Z"},{"created_at":"2025-10-23T10:54:13.201817+03:00","id":"68f9df2557335926a7ea82e3","updated_at":"2025-10-23T10:31:58Z"},{"created_at":"2025-10-23T10:16:09.808908+03:00","id":"68f9d63a57335926a7a63d00","updated_at":"2025-10-23T09:25:44Z"},{"created_at":"2025-10-22T23:04:26.619384+03:00","id":"68f938cc57335926a7acbcbb","updated_at":"2025-10-23T09:39:45Z"},{"created_at":"2
2025-10-23 19:01:17,680 - __main__ - INFO - Response JSON keys: dict_keys(['applies'])
2025-10-23 19:01:17,681 - __main__ - INFO - Найдено откликов: 100
2025-10-23 19:01:17,681 - __main__ - INFO - IDs откликов: ['68fa2b1a57335926a7446657', '68f9df2557335926a7ea82e3', '68f9d63a57335926a7a63d00', '68f938cc57335926a7acbcbb', '68f91f7957335926a725811e']...
2025-10-23 19:01:17,682 - werkzeug - INFO - 127.0.0.1 - - [23/Oct/2025 19:01:17] "GET /api/applications?days=7&limit=100 HTTP/1.1" 200 -
2025-10-23 19:01:17,693 - urllib3.connectionpool - DEBUG - https://api.avito.ru:443 "GET /job/v1/applications/get_ids?limit=100&updatedAtFrom=2025-09-23 HTTP/1.1" 200 None
2025-10-23 19:01:17,694 - __main__ - INFO - Response status: 200
2025-10-23 19:01:17,694 - __main__ - INFO - Получено откликов на странице: 100
2025-10-23 19:01:17,694 - __main__ - INFO - Всего откликов собрано: 100
2025-10-23 19:01:17,695 - __main__ - INFO - ID последнего отклика для cursor: 68f71fbc57335926a770...
2025-10-23 19:01:17,695 - __main__ - INFO - --- Страница 2 ---
2025-10-23 19:01:17,695 - __main__ - INFO - Запрос с cursor: 68f71fbc57335926a770...
2025-10-23 19:01:17,741 - urllib3.connectionpool - DEBUG - https://api.avito.ru:443 "GET /job/v1/applications/get_ids?limit=100&updatedAtFrom=2025-09-23&cursor=68f71fbc57335926a770e46e HTTP/1.1" 200 None
2025-10-23 19:01:17,742 - __main__ - INFO - Response status: 200
2025-10-23 19:01:17,743 - __main__ - INFO - Получено откликов на странице: 100
2025-10-23 19:01:17,743 - __main__ - INFO - Всего откликов собрано: 200
2025-10-23 19:01:17,743 - __main__ - INFO - ID последнего отклика для cursor: 68f58fad57335926a76d...
2025-10-23 19:01:17,743 - __main__ - INFO - --- Страница 3 ---
2025-10-23 19:01:17,744 - __main__ - INFO - Запрос с cursor: 68f58fad57335926a76d...
2025-10-23 19:01:17,797 - urllib3.connectionpool - DEBUG - https://api.avito.ru:443 "GET /job/v1/applications/get_ids?limit=100&updatedAtFrom=2025-09-23&cursor=68f58fad57335926a76da0f3 HTTP/1.1" 200 None
2025-10-23 19:01:17,798 - __main__ - INFO - Response status: 200
2025-10-23 19:01:17,798 - __main__ - INFO - Получено откликов на странице: 100
2025-10-23 19:01:17,799 - __main__ - INFO - Всего откликов собрано: 300
2025-10-23 19:01:17,799 - __main__ - INFO - ID последнего отклика для cursor: 68ef891d57335926a7ed...
2025-10-23 19:01:17,799 - __main__ - INFO - --- Страница 4 ---
2025-10-23 19:01:17,799 - __main__ - INFO - Запрос с cursor: 68ef891d57335926a7ed...
2025-10-23 19:01:17,826 - urllib3.connectionpool - DEBUG - https://api.avito.ru:443 "GET /messenger/v2/accounts/316615541/chats?limit=100&offset=0 HTTP/1.1" 200 None
2025-10-23 19:01:17,848 - urllib3.connectionpool - DEBUG - https://api.avito.ru:443 "GET /job/v1/applications/get_ids?limit=100&updatedAtFrom=2025-09-23&cursor=68ef891d57335926a7ed1206 HTTP/1.1" 200 None
2025-10-23 19:01:17,849 - __main__ - INFO - Response status: 200
2025-10-23 19:01:17,850 - __main__ - INFO - Получено откликов на странице: 100
2025-10-23 19:01:17,850 - __main__ - INFO - Всего откликов собрано: 400
2025-10-23 19:01:17,850 - __main__ - INFO - ID последнего отклика для cursor: 68ee40e557335926a7bf...
2025-10-23 19:01:17,850 - __main__ - INFO - --- Страница 5 ---
2025-10-23 19:01:17,851 - __main__ - INFO - Запрос с cursor: 68ee40e557335926a7bf...
2025-10-23 19:01:17,900 - urllib3.connectionpool - DEBUG - https://api.avito.ru:443 "GET /job/v1/applications/get_ids?limit=100&updatedAtFrom=2025-09-23&cursor=68ee40e557335926a7bf3f69 HTTP/1.1" 200 None
2025-10-23 19:01:17,901 - __main__ - INFO - Response status: 200
2025-10-23 19:01:17,901 - __main__ - INFO - Получено откликов на странице: 100
2025-10-23 19:01:17,902 - __main__ - INFO - Всего откликов собрано: 500
2025-10-23 19:01:17,902 - __main__ - INFO - ID последнего отклика для cursor: 68e7bde72c1693c1b640...
2025-10-23 19:01:17,902 - __main__ - INFO - --- Страница 6 ---
2025-10-23 19:01:17,902 - __main__ - INFO - Запрос с cursor: 68e7bde72c1693c1b640...
2025-10-23 19:01:17,924 - urllib3.connectionpool - DEBUG - https://api.avito.ru:443 "GET /messenger/v2/accounts/316615541/chats?limit=100&offset=200 HTTP/1.1" 200 None
2025-10-23 19:01:17,962 - urllib3.connectionpool - DEBUG - https://api.avito.ru:443 "GET /job/v1/applications/get_ids?limit=100&updatedAtFrom=2025-09-23&cursor=68e7bde72c1693c1b6401454 HTTP/1.1" 200 None
2025-10-23 19:01:17,964 - __main__ - INFO - Response status: 200
2025-10-23 19:01:17,964 - __main__ - INFO - Получено откликов на странице: 100
2025-10-23 19:01:17,965 - __main__ - INFO - Всего откликов собрано: 600
2025-10-23 19:01:17,965 - __main__ - INFO - ID последнего отклика для cursor: 68df7b182c1693c1b6e9...
2025-10-23 19:01:17,965 - __main__ - INFO - --- Страница 7 ---
2025-10-23 19:01:17,965 - __main__ - INFO - Запрос с cursor: 68df7b182c1693c1b6e9...
2025-10-23 19:01:18,016 - urllib3.connectionpool - DEBUG - https://api.avito.ru:443 "GET /job/v1/applications/get_ids?limit=100&updatedAtFrom=2025-09-23&cursor=68df7b182c1693c1b6e97d21 HTTP/1.1" 200 None
2025-10-23 19:01:18,017 - __main__ - INFO - Response status: 200
2025-10-23 19:01:18,018 - __main__ - INFO - Получено откликов на странице: 46
2025-10-23 19:01:18,018 - __main__ - INFO - Всего откликов собрано: 646
2025-10-23 19:01:18,018 - __main__ - INFO - ID последнего отклика для cursor: 68b5a4b31deb3bab0fde...
2025-10-23 19:01:18,018 - __main__ - INFO - Получено меньше лимита (46 < 100), последняя страница
2025-10-23 19:01:18,019 - __main__ - INFO - === ИТОГО: Получено 646 откликов за 7 страниц ===
2025-10-23 19:01:18,019 - __main__ - INFO - ✅ Все 646 ID уникальны - дубликатов нет
2025-10-23 19:01:18,020 - werkzeug - INFO - 127.0.0.1 - - [23/Oct/2025 19:01:18] "GET /api/applications/all?days=30 HTTP/1.1" 200 -
2025-10-23 19:01:18,041 - urllib3.connectionpool - DEBUG - https://api.avito.ru:443 "GET /messenger/v2/accounts/316615541/chats?limit=100&offset=100 HTTP/1.1" 200 None
2025-10-23 19:01:18,155 - urllib3.connectionpool - DEBUG - https://api.avito.ru:443 "GET /messenger/v2/accounts/316615541/chats?limit=100&offset=300 HTTP/1.1" 200 None
2025-10-23 19:01:18,259 - urllib3.connectionpool - DEBUG - https://api.avito.ru:443 "GET /messenger/v2/accounts/316615541/chats?limit=100&offset=200 HTTP/1.1" 200 None
2025-10-23 19:01:18,333 - __main__ - INFO - === get_applications_details: 20 IDs ===
2025-10-23 19:01:18,333 - __main__ - INFO - Запрос деталей для 20 откликов
2025-10-23 19:01:18,364 - urllib3.connectionpool - DEBUG - https://api.avito.ru:443 "GET /messenger/v2/accounts/316615541/chats?limit=100&offset=400 HTTP/1.1" 200 None
2025-10-23 19:01:18,389 - urllib3.connectionpool - DEBUG - https://api.avito.ru:443 "POST /job/v1/applications/get_by_ids HTTP/1.1" 200 None
2025-10-23 19:01:18,389 - __main__ - INFO - Response status: 200
2025-10-23 19:01:18,389 - __main__ - INFO - Response text: {"applies":[{"applicant":{"data":{"birthday":"2001-06-10","citizenship":"Россия","gender":"Мужской","name":"Потапов Антон Сергеевич"},"id":"403574381","resume_id":"7434870869"},"contacts":{"chat":{"value":"u2i-XWQVOBCC3k5cq~2CruL9ow"},"phones":[{"status":null,"value":"79016546327"}]},"created_at":"2025-10-22T10:53:59.659173+03:00","employee_id":null,"enriched_properties":{"age":{"matching_status":"matched","value":24},"citizenship":{"matching_status":"no_criteria","value":"rus"},"full_name":{"ma
2025-10-23 19:01:18,390 - __main__ - INFO - Response keys: dict_keys(['applies'])
2025-10-23 19:01:18,390 - __main__ - INFO - Получено откликов с деталями: 20
2025-10-23 19:01:18,402 - __main__ - INFO - Сохранено в БД: 20 откликов
2025-10-23 19:01:18,403 - werkzeug - INFO - 127.0.0.1 - - [23/Oct/2025 19:01:18] "POST /api/applications/details HTTP/1.1" 200 -
2025-10-23 19:01:18,467 - urllib3.connectionpool - DEBUG - https://api.avito.ru:443 "GET /messenger/v2/accounts/316615541/chats?limit=100&offset=300 HTTP/1.1" 200 None
2025-10-23 19:01:18,575 - urllib3.connectionpool - DEBUG - https://api.avito.ru:443 "GET /messenger/v2/accounts/316615541/chats?limit=100&offset=500 HTTP/1.1" 200 None
2025-10-23 19:01:18,682 - urllib3.connectionpool - DEBUG - https://api.avito.ru:443 "GET /messenger/v2/accounts/316615541/chats?limit=100&offset=400 HTTP/1.1" 200 None
2025-10-23 19:01:18,716 - __main__ - INFO - === get_applications_details: 20 IDs ===
2025-10-23 19:01:18,717 - __main__ - INFO - Запрос деталей для 20 откликов
2025-10-23 19:01:18,772 - urllib3.connectionpool - DEBUG - https://api.avito.ru:443 "POST /job/v1/applications/get_by_ids HTTP/1.1" 200 None
2025-10-23 19:01:18,773 - __main__ - INFO - Response status: 200
2025-10-23 19:01:18,773 - __main__ - INFO - Response text: {"applies":[{"applicant":{"data":{"birthday":"1985-03-28","citizenship":"Россия","gender":"Мужской","name":"Мусин Ринат"},"id":"399421728","resume_id":"7453730545"},"contacts":{"chat":{"value":"u2i-Vk1Tq3un9oNp4W9BMXXp0g"},"phones":[{"status":null,"value":"79208771328"}]},"created_at":"2025-10-22T07:54:01.981028+03:00","employee_id":null,"enriched_properties":{"age":{"matching_status":"mismatched","value":40},"citizenship":{"matching_status":"no_criteria","value":"rus"},"full_name":{"matching_st
2025-10-23 19:01:18,774 - __main__ - INFO - Response keys: dict_keys(['applies'])
2025-10-23 19:01:18,775 - __main__ - INFO - Получено откликов с деталями: 20
2025-10-23 19:01:18,780 - __main__ - INFO - Сохранено в БД: 20 откликов
2025-10-23 19:01:18,781 - werkzeug - INFO - 127.0.0.1 - - [23/Oct/2025 19:01:18] "POST /api/applications/details HTTP/1.1" 200 -
2025-10-23 19:01:18,815 - urllib3.connectionpool - DEBUG - https://api.avito.ru:443 "GET /messenger/v2/accounts/316615541/chats?limit=100&offset=600 HTTP/1.1" 200 None
2025-10-23 19:01:18,890 - urllib3.connectionpool - DEBUG - https://api.avito.ru:443 "GET /messenger/v2/accounts/316615541/chats?limit=100&offset=500 HTTP/1.1" 200 None
2025-10-23 19:01:18,999 - urllib3.connectionpool - DEBUG - https://api.avito.ru:443 "GET /messenger/v2/accounts/316615541/chats?limit=100&offset=700 HTTP/1.1" 200 None
2025-10-23 19:01:19,078 - urllib3.connectionpool - DEBUG - https://api.avito.ru:443 "GET /messenger/v2/accounts/316615541/chats?limit=100&offset=600 HTTP/1.1" 200 None
2025-10-23 19:01:19,098 - __main__ - INFO - === get_applications_details: 20 IDs ===
2025-10-23 19:01:19,098 - __main__ - INFO - Запрос деталей для 20 откликов
2025-10-23 19:01:19,160 - urllib3.connectionpool - DEBUG - https://api.avito.ru:443 "POST /job/v1/applications/get_by_ids HTTP/1.1" 200 None
2025-10-23 19:01:19,161 - __main__ - INFO - Response status: 200
2025-10-23 19:01:19,162 - __main__ - INFO - Response text: {"applies":[{"applicant":{"data":{"birthday":"1996-07-18","citizenship":"Россия","education":"Среднее специальное","gender":"Мужской","name":"Сияшин Евгений Юрьевич"},"id":"65092615","resume_id":"4485064429"},"contacts":{"chat":{"value":"u2i-WpjryXkT7HQulnUR_XnhiA"},"phones":[{"status":null,"value":"79526392653"}]},"created_at":"2025-10-22T05:20:51.417179+03:00","employee_id":null,"enriched_properties":{"age":{"matching_status":"matched","value":29},"citizenship":{"matching_status":"no_criteria"
2025-10-23 19:01:19,163 - __main__ - INFO - Response keys: dict_keys(['applies'])
2025-10-23 19:01:19,163 - __main__ - INFO - Получено откликов с деталями: 20
2025-10-23 19:01:19,173 - __main__ - INFO - Сохранено в БД: 20 откликов
2025-10-23 19:01:19,174 - werkzeug - INFO - 127.0.0.1 - - [23/Oct/2025 19:01:19] "POST /api/applications/details HTTP/1.1" 200 -
2025-10-23 19:01:19,178 - urllib3.connectionpool - DEBUG - https://api.avito.ru:443 "GET /messenger/v2/accounts/316615541/chats?limit=100&offset=800 HTTP/1.1" 200 None
2025-10-23 19:01:19,254 - urllib3.connectionpool - DEBUG - https://api.avito.ru:443 "GET /messenger/v2/accounts/316615541/chats?limit=100&offset=700 HTTP/1.1" 200 None
2025-10-23 19:01:19,362 - urllib3.connectionpool - DEBUG - https://api.avito.ru:443 "GET /messenger/v2/accounts/316615541/chats?limit=100&offset=900 HTTP/1.1" 200 None
2025-10-23 19:01:19,427 - urllib3.connectionpool - DEBUG - https://api.avito.ru:443 "GET /messenger/v2/accounts/316615541/chats?limit=100&offset=800 HTTP/1.1" 200 None
2025-10-23 19:01:19,481 - __main__ - INFO - === get_applications_details: 20 IDs ===
2025-10-23 19:01:19,482 - __main__ - INFO - Запрос деталей для 20 откликов
2025-10-23 19:01:19,541 - urllib3.connectionpool - DEBUG - https://api.avito.ru:443 "GET /messenger/v2/accounts/316615541/chats?limit=100&offset=1000 HTTP/1.1" 200 None
2025-10-23 19:01:19,559 - urllib3.connectionpool - DEBUG - https://api.avito.ru:443 "POST /job/v1/applications/get_by_ids HTTP/1.1" 200 None
2025-10-23 19:01:19,560 - __main__ - INFO - Response status: 200
2025-10-23 19:01:19,560 - __main__ - INFO - Response text: {"applies":[{"applicant":{"data":{"birthday":"1990-09-27","citizenship":"rus","name":"Драгунов Евгений Павлович"},"id":"143072287"},"contacts":{"chat":{"value":"u2i-AN8VlA0IjgWCMpzD4xdC0w"},"phones":[{"status":null,"value":"79531029340"}]},"created_at":"2025-10-21T10:06:12.637712+03:00","employee_id":null,"enriched_properties":{"age":{"matching_status":"mismatched","value":35},"citizenship":{"matching_status":"no_criteria","value":"rus"},"full_name":{"matching_status":"no_criteria","value":"Драг
2025-10-23 19:01:19,561 - __main__ - INFO - Response keys: dict_keys(['applies'])
2025-10-23 19:01:19,561 - __main__ - INFO - Получено откликов с деталями: 20
2025-10-23 19:01:19,570 - __main__ - INFO - Сохранено в БД: 20 откликов
2025-10-23 19:01:19,571 - werkzeug - INFO - 127.0.0.1 - - [23/Oct/2025 19:01:19] "POST /api/applications/details HTTP/1.1" 200 -
2025-10-23 19:01:19,620 - werkzeug - INFO - 127.0.0.1 - - [23/Oct/2025 19:01:19] "GET /api/chats/all HTTP/1.1" 200 -
2025-10-23 19:01:19,635 - urllib3.connectionpool - DEBUG - https://api.avito.ru:443 "GET /messenger/v2/accounts/316615541/chats?limit=100&offset=900 HTTP/1.1" 200 None
2025-10-23 19:01:19,843 - urllib3.connectionpool - DEBUG - https://api.avito.ru:443 "GET /messenger/v2/accounts/316615541/chats?limit=100&offset=1000 HTTP/1.1" 200 None
2025-10-23 19:01:19,875 - __main__ - INFO - Получено чатов для анализа: 1100
2025-10-23 19:01:19,878 - __main__ - INFO - Метрики: {'wrote_read_no_reply': 499, 'wrote_unread': 483, 'not_wrote': 0, 'waiting_reply': 83, 'auto_reply_sent': 35}
2025-10-23 19:01:19,884 - werkzeug - INFO - 127.0.0.1 - - [23/Oct/2025 19:01:19] "GET /api/chats/metrics HTTP/1.1" 200 -
2025-10-23 19:01:19,885 - __main__ - INFO - === get_applications_details: 20 IDs ===
2025-10-23 19:01:19,885 - __main__ - INFO - Запрос деталей для 20 откликов
2025-10-23 19:01:19,935 - urllib3.connectionpool - DEBUG - https://api.avito.ru:443 "POST /job/v1/applications/get_by_ids HTTP/1.1" 200 None
2025-10-23 19:01:19,936 - __main__ - INFO - Response status: 200
2025-10-23 19:01:19,936 - __main__ - INFO - Response text: {"applies":[{"applicant":{"data":{"birthday":"1997-03-15","citizenship":"rus","name":"Хамроев Амир Негматович"},"id":"303638237"},"contacts":{"chat":{"value":"u2i-M6UHQrNKj_uu7J1bCP0wBg"},"phones":[{"status":null,"value":"79120879902"}]},"created_at":"2025-10-21T08:52:59.571933+03:00","employee_id":null,"enriched_properties":{"age":{"matching_status":"matched","value":28},"citizenship":{"matching_status":"no_criteria","value":"rus"},"full_name":{"matching_status":"no_criteria","value":"Хамроев А
2025-10-23 19:01:19,937 - __main__ - INFO - Response keys: dict_keys(['applies'])
2025-10-23 19:01:19,937 - __main__ - INFO - Получено откликов с деталями: 20
2025-10-23 19:01:19,943 - __main__ - INFO - Сохранено в БД: 20 откликов
2025-10-23 19:01:19,943 - werkzeug - INFO - 127.0.0.1 - - [23/Oct/2025 19:01:19] "POST /api/applications/details HTTP/1.1" 200 -
2025-10-23 19:01:20,257 - __main__ - INFO - === get_applications_details: 20 IDs ===
2025-10-23 19:01:20,258 - __main__ - INFO - Запрос деталей для 20 откликов
2025-10-23 19:01:20,312 - urllib3.connectionpool - DEBUG - https://api.avito.ru:443 "POST /job/v1/applications/get_by_ids HTTP/1.1" 200 None
2025-10-23 19:01:20,313 - __main__ - INFO - Response status: 200
2025-10-23 19:01:20,314 - __main__ - INFO - Response text: {"applies":[{"applicant":{"data":{"birthday":"1982-03-07","citizenship":"Россия","gender":"Мужской","name":"Петров Алексей Дмитриевич"},"id":"385867173","resume_id":"7714376182"},"contacts":{"chat":{"value":"u2i-oyQtU3yQUCo4GCDg_PvC7g"},"phones":[{"status":null,"value":"79245975785"}]},"created_at":"2025-10-21T08:00:57.23191+03:00","employee_id":null,"enriched_properties":{"age":{"matching_status":"mismatched","value":43},"citizenship":{"matching_status":"no_criteria","value":"rus"},"full_name":
2025-10-23 19:01:20,315 - __main__ - INFO - Response keys: dict_keys(['applies'])
2025-10-23 19:01:20,315 - __main__ - INFO - Получено откликов с деталями: 20
2025-10-23 19:01:20,323 - __main__ - INFO - Сохранено в БД: 20 откликов
2025-10-23 19:01:20,323 - werkzeug - INFO - 127.0.0.1 - - [23/Oct/2025 19:01:20] "POST /api/applications/details HTTP/1.1" 200 -
2025-10-23 19:01:20,512 - __main__ - INFO - === get_applications_details: 20 IDs ===
2025-10-23 19:01:20,513 - __main__ - INFO - Запрос деталей для 20 откликов
2025-10-23 19:01:20,567 - urllib3.connectionpool - DEBUG - https://api.avito.ru:443 "POST /job/v1/applications/get_by_ids HTTP/1.1" 200 None
2025-10-23 19:01:20,568 - __main__ - INFO - Response status: 200
2025-10-23 19:01:20,568 - __main__ - INFO - Response text: {"applies":[{"applicant":{"data":{"birthday":"1974-01-19","citizenship":"Россия","education":"Среднее","gender":"Мужской","name":"Кокан Андрей Сергеевич"},"id":"172246966","resume_id":"4724045414"},"contacts":{"chat":{"value":"u2i-q~xhSyAdrRq8Qe0~1xLfWg"},"phones":[{"status":null,"value":"79612417981"}]},"created_at":"2025-10-20T07:45:12.494962+03:00","employee_id":null,"enriched_properties":{"age":{"matching_status":"mismatched","value":51},"citizenship":{"matching_status":"no_criteria","value"
2025-10-23 19:01:20,569 - __main__ - INFO - Response keys: dict_keys(['applies'])
2025-10-23 19:01:20,569 - __main__ - INFO - Получено откликов с деталями: 20
2025-10-23 19:01:20,581 - __main__ - INFO - Сохранено в БД: 20 откликов
2025-10-23 19:01:20,583 - werkzeug - INFO - 127.0.0.1 - - [23/Oct/2025 19:01:20] "POST /api/applications/details HTTP/1.1" 200 -
2025-10-23 19:01:20,632 - __main__ - INFO - === get_applications_details: 20 IDs ===
2025-10-23 19:01:20,633 - __main__ - INFO - Запрос деталей для 20 откликов
2025-10-23 19:01:20,692 - urllib3.connectionpool - DEBUG - https://api.avito.ru:443 "POST /job/v1/applications/get_by_ids HTTP/1.1" 200 None
2025-10-23 19:01:20,692 - __main__ - INFO - Response status: 200
2025-10-23 19:01:20,693 - __main__ - INFO - Response text: {"applies":[{"applicant":{"data":{"birthday":"1971-04-11","citizenship":"Россия","education":"Среднее","gender":"Мужской","name":"Чеботару Олег Ильич"},"id":"82028053","resume_id":"7666316040"},"contacts":{"chat":{"value":"u2i-yQ7SrngtKlALeqQyVezxbg"},"phones":[{"status":null,"value":"79088864111"}]},"created_at":"2025-10-20T06:59:15.04454+03:00","employee_id":null,"enriched_properties":{"age":{"matching_status":"mismatched","value":54},"citizenship":{"matching_status":"no_criteria","value":"rus
2025-10-23 19:01:20,693 - __main__ - INFO - Response keys: dict_keys(['applies'])
2025-10-23 19:01:20,693 - __main__ - INFO - Получено откликов с деталями: 20
2025-10-23 19:01:20,699 - __main__ - INFO - Сохранено в БД: 20 откликов
2025-10-23 19:01:20,700 - werkzeug - INFO - 127.0.0.1 - - [23/Oct/2025 19:01:20] "POST /api/applications/details HTTP/1.1" 200 -
2025-10-23 19:01:20,896 - __main__ - INFO - === get_applications_details: 20 IDs ===
2025-10-23 19:01:20,896 - __main__ - INFO - Запрос деталей для 20 откликов
2025-10-23 19:01:20,947 - urllib3.connectionpool - DEBUG - https://api.avito.ru:443 "POST /job/v1/applications/get_by_ids HTTP/1.1" 200 None
2025-10-23 19:01:20,947 - __main__ - INFO - Response status: 200
2025-10-23 19:01:20,948 - __main__ - INFO - Response text: {"applies":[{"applicant":{"data":{"birthday":"2004-07-30","citizenship":"rus","name":"Якимов Юрий Витальевич"},"id":"181643029"},"contacts":{"chat":{"value":"u2i-ubi1m1M4W_jdEE6PEQ3l2w"},"phones":[{"status":null,"value":"79991749676"}]},"created_at":"2025-10-20T05:58:20.233083+03:00","employee_id":null,"enriched_properties":{"age":{"matching_status":"matched","value":21},"citizenship":{"matching_status":"no_criteria","value":"rus"},"full_name":{"matching_status":"no_criteria","value":"Якимов Юри
2025-10-23 19:01:20,948 - __main__ - INFO - Response keys: dict_keys(['applies'])
2025-10-23 19:01:20,949 - __main__ - INFO - Получено откликов с деталями: 20
2025-10-23 19:01:20,954 - __main__ - INFO - Сохранено в БД: 20 откликов
2025-10-23 19:01:20,955 - werkzeug - INFO - 127.0.0.1 - - [23/Oct/2025 19:01:20] "POST /api/applications/details HTTP/1.1" 200 -
2025-10-23 19:01:21,015 - __main__ - INFO - === get_applications_details: 20 IDs ===
2025-10-23 19:01:21,015 - __main__ - INFO - Запрос деталей для 20 откликов
2025-10-23 19:01:21,068 - urllib3.connectionpool - DEBUG - https://api.avito.ru:443 "POST /job/v1/applications/get_by_ids HTTP/1.1" 200 None
2025-10-23 19:01:21,069 - __main__ - INFO - Response status: 200
2025-10-23 19:01:21,069 - __main__ - INFO - Response text: {"applies":[{"applicant":{"data":{"name":"Стрежнев Михаил сергеевич"},"id":"358176879"},"contacts":{"chat":{"value":"u2i-z~U0lIVcHcIqdhLWquhmzQ"},"phones":[{"status":null,"value":"79089091181"}]},"created_at":"2025-10-20T04:26:04.075498+03:00","employee_id":null,"enriched_properties":null,"id":"68f58fad57335926a76da0f3","is_viewed":true,"negotiation_id":950309723,"price":{"bonus":0,"real":6100,"total":6100},"type":"by_chat","updated_at":"2025-10-20T01:26:26Z","vacancy_id":7666536478},{"applicant
2025-10-23 19:01:21,069 - __main__ - INFO - Response keys: dict_keys(['applies'])
2025-10-23 19:01:21,070 - __main__ - INFO - Получено откликов с деталями: 20
2025-10-23 19:01:21,076 - __main__ - INFO - Сохранено в БД: 20 откликов
2025-10-23 19:01:21,077 - werkzeug - INFO - 127.0.0.1 - - [23/Oct/2025 19:01:21] "POST /api/applications/details HTTP/1.1" 200 -
2025-10-23 19:01:21,262 - __main__ - INFO - === get_applications_details: 20 IDs ===
2025-10-23 19:01:21,262 - __main__ - INFO - Запрос деталей для 20 откликов
2025-10-23 19:01:21,311 - urllib3.connectionpool - DEBUG - https://api.avito.ru:443 "POST /job/v1/applications/get_by_ids HTTP/1.1" 200 None
2025-10-23 19:01:21,312 - __main__ - INFO - Response status: 200
2025-10-23 19:01:21,312 - __main__ - INFO - Response text: {"applies":[{"applicant":{"data":{"birthday":"2006-10-06","citizenship":"Россия","education":"Незаконченное высшее","gender":"Женский","name":"Хасанова Алсу Флоритовна"},"id":"363600777","resume_id":"3783347123"},"contacts":{"chat":{"value":"u2i-uTqKgEvMwutoIZ8_KczNkw"},"phones":[{"status":null,"value":"79631389118"}]},"created_at":"2025-10-20T02:07:33.699538+03:00","employee_id":null,"enriched_properties":{"age":{"matching_status":"matched","value":19},"citizenship":{"matching_status":"no_crite
2025-10-23 19:01:21,313 - __main__ - INFO - Response keys: dict_keys(['applies'])
2025-10-23 19:01:21,314 - __main__ - INFO - Получено откликов с деталями: 20
2025-10-23 19:01:21,319 - __main__ - INFO - Сохранено в БД: 20 откликов
2025-10-23 19:01:21,320 - werkzeug - INFO - 127.0.0.1 - - [23/Oct/2025 19:01:21] "POST /api/applications/details HTTP/1.1" 200 -
2025-10-23 19:01:21,383 - __main__ - INFO - === get_applications_details: 20 IDs ===
2025-10-23 19:01:21,383 - __main__ - INFO - Запрос деталей для 20 откликов
2025-10-23 19:01:21,434 - urllib3.connectionpool - DEBUG - https://api.avito.ru:443 "POST /job/v1/applications/get_by_ids HTTP/1.1" 200 None
2025-10-23 19:01:21,435 - __main__ - INFO - Response status: 200
2025-10-23 19:01:21,435 - __main__ - INFO - Response text: {"applies":[{"applicant":{"data":{"birthday":"1985-07-14","citizenship":"rus","name":"Балданов Чингис Дондокович"},"id":"42395410"},"contacts":{"chat":{"value":"u2i-JR0MXskgWa9Bi7Z0g7WOxg"},"phones":[{"status":null,"value":"79996039022"}]},"created_at":"2025-10-19T23:34:49.527103+03:00","employee_id":null,"enriched_properties":{"age":{"matching_status":"mismatched","value":40},"citizenship":{"matching_status":"no_criteria","value":"rus"},"full_name":{"matching_status":"no_criteria","value":"Балд
2025-10-23 19:01:21,436 - __main__ - INFO - Response keys: dict_keys(['applies'])
2025-10-23 19:01:21,436 - __main__ - INFO - Получено откликов с деталями: 20
2025-10-23 19:01:21,441 - __main__ - INFO - Сохранено в БД: 20 откликов
2025-10-23 19:01:21,441 - werkzeug - INFO - 127.0.0.1 - - [23/Oct/2025 19:01:21] "POST /api/applications/details HTTP/1.1" 200 -
2025-10-23 19:01:21,628 - __main__ - INFO - === get_applications_details: 20 IDs ===
2025-10-23 19:01:21,629 - __main__ - INFO - Запрос деталей для 20 откликов
2025-10-23 19:01:21,681 - urllib3.connectionpool - DEBUG - https://api.avito.ru:443 "POST /job/v1/applications/get_by_ids HTTP/1.1" 200 None
2025-10-23 19:01:21,687 - __main__ - INFO - Response status: 200
2025-10-23 19:01:21,687 - __main__ - INFO - Response text: {"applies":[{"applicant":{"data":{"birthday":"1996-05-22","citizenship":"Россия","gender":"Мужской","name":"Жорин денис"},"id":"216713051","resume_id":"7672095273"},"contacts":{"chat":{"value":"u2i-aWbRpdJdDWhGZi3NVdtkVg"},"phones":[{"status":null,"value":"79277593861"}]},"created_at":"2025-10-19T22:36:00.91983+03:00","employee_id":null,"enriched_properties":{"age":{"matching_status":"matched","value":29},"citizenship":{"matching_status":"no_criteria","value":"rus"},"full_name":{"matching_status
2025-10-23 19:01:21,688 - __main__ - INFO - Response keys: dict_keys(['applies'])
2025-10-23 19:01:21,688 - __main__ - INFO - Получено откликов с деталями: 20
2025-10-23 19:01:21,697 - __main__ - INFO - Сохранено в БД: 20 откликов
2025-10-23 19:01:21,698 - werkzeug - INFO - 127.0.0.1 - - [23/Oct/2025 19:01:21] "POST /api/applications/details HTTP/1.1" 200 -
2025-10-23 19:01:21,749 - __main__ - INFO - === get_applications_details: 20 IDs ===
2025-10-23 19:01:21,749 - __main__ - INFO - Запрос деталей для 20 откликов
2025-10-23 19:01:21,805 - urllib3.connectionpool - DEBUG - https://api.avito.ru:443 "POST /job/v1/applications/get_by_ids HTTP/1.1" 200 None
2025-10-23 19:01:21,806 - __main__ - INFO - Response status: 200
2025-10-23 19:01:21,806 - __main__ - INFO - Response text: {"applies":[{"applicant":{"data":{"birthday":"1975-10-25","citizenship":"Россия","education":"Среднее специальное","gender":"Мужской","name":"Суртаев Денис Владимирович"},"id":"352134602","resume_id":"3783867266"},"contacts":{"chat":{"value":"u2i-eUUKlIz3sjG1NqVB5VTn3w"},"phones":[{"status":null,"value":"79236618534"}]},"created_at":"2025-10-15T17:14:50.184461+03:00","employee_id":null,"enriched_properties":{"age":{"matching_status":"mismatched","value":49},"citizenship":{"matching_status":"no_c
2025-10-23 19:01:21,807 - __main__ - INFO - Response keys: dict_keys(['applies'])
2025-10-23 19:01:21,807 - __main__ - INFO - Получено откликов с деталями: 20
2025-10-23 19:01:21,814 - __main__ - INFO - Сохранено в БД: 20 откликов
2025-10-23 19:01:21,815 - werkzeug - INFO - 127.0.0.1 - - [23/Oct/2025 19:01:21] "POST /api/applications/details HTTP/1.1" 200 -
2025-10-23 19:01:22,009 - __main__ - INFO - === get_applications_details: 20 IDs ===
2025-10-23 19:01:22,009 - __main__ - INFO - Запрос деталей для 20 откликов
2025-10-23 19:01:22,067 - urllib3.connectionpool - DEBUG - https://api.avito.ru:443 "POST /job/v1/applications/get_by_ids HTTP/1.1" 200 None
2025-10-23 19:01:22,067 - __main__ - INFO - Response status: 200
2025-10-23 19:01:22,067 - __main__ - INFO - Response text: {"applies":[{"applicant":{"data":{"birthday":"1992-02-09","citizenship":"rus","name":"Аникеев Иван Георгиевич"},"id":"416124713"},"contacts":{"chat":{"value":"u2i-4u4VwKYQi6uS52Xos7c_kw"},"phones":[{"status":null,"value":"79125523160"}]},"created_at":"2025-10-15T14:44:28.643468+03:00","employee_id":null,"enriched_properties":{"age":{"matching_status":"mismatched","value":33},"citizenship":{"matching_status":"no_criteria","value":"rus"},"full_name":{"matching_status":"no_criteria","value":"Иван Г
2025-10-23 19:01:22,068 - __main__ - INFO - Response keys: dict_keys(['applies'])
2025-10-23 19:01:22,068 - __main__ - INFO - Получено откликов с деталями: 20
2025-10-23 19:01:22,073 - __main__ - INFO - Сохранено в БД: 20 откликов
2025-10-23 19:01:22,073 - werkzeug - INFO - 127.0.0.1 - - [23/Oct/2025 19:01:22] "POST /api/applications/details HTTP/1.1" 200 -
2025-10-23 19:01:22,131 - __main__ - INFO - === get_applications_details: 20 IDs ===
2025-10-23 19:01:22,132 - __main__ - INFO - Запрос деталей для 20 откликов
2025-10-23 19:01:22,189 - urllib3.connectionpool - DEBUG - https://api.avito.ru:443 "POST /job/v1/applications/get_by_ids HTTP/1.1" 200 None
2025-10-23 19:01:22,190 - __main__ - INFO - Response status: 200
2025-10-23 19:01:22,190 - __main__ - INFO - Response text: {"applies":[{"applicant":{"data":{"birthday":"1986-09-18","citizenship":"Россия","education":"Высшее","gender":"Мужской","name":"Андреев Виктор Викторович"},"id":"346858515","resume_id":"7696735938"},"contacts":{"chat":{"value":"u2i-aSyKilDIRHWR3UIrdAKcQg"},"phones":[{"status":null,"value":"79064778974"}]},"created_at":"2025-10-15T11:34:58.221616+03:00","employee_id":null,"enriched_properties":{"age":{"matching_status":"mismatched","value":39},"citizenship":{"matching_status":"no_criteria","valu
2025-10-23 19:01:22,191 - __main__ - INFO - Response keys: dict_keys(['applies'])
2025-10-23 19:01:22,191 - __main__ - INFO - Получено откликов с деталями: 20
2025-10-23 19:01:22,197 - __main__ - INFO - Сохранено в БД: 20 откликов
2025-10-23 19:01:22,198 - werkzeug - INFO - 127.0.0.1 - - [23/Oct/2025 19:01:22] "POST /api/applications/details HTTP/1.1" 200 -
2025-10-23 19:01:22,381 - __main__ - INFO - === get_applications_details: 20 IDs ===
2025-10-23 19:01:22,381 - __main__ - INFO - Запрос деталей для 20 откликов
2025-10-23 19:01:22,430 - urllib3.connectionpool - DEBUG - https://api.avito.ru:443 "POST /job/v1/applications/get_by_ids HTTP/1.1" 200 None
2025-10-23 19:01:22,430 - __main__ - INFO - Response status: 200
2025-10-23 19:01:22,431 - __main__ - INFO - Response text: {"applies":[{"applicant":{"data":{"birthday":"1998-07-29","citizenship":"Россия","education":"Среднее специальное","gender":"Мужской","name":"Агба Карней Руслановч"},"id":"205928861","resume_id":"7546858258"},"contacts":{"chat":{"value":"u2i-HNMcAry3M0Yr6N1qPhpKZA"},"phones":[{"status":null,"value":"79623835577"}]},"created_at":"2025-10-15T09:54:32.056644+03:00","employee_id":null,"enriched_properties":{"age":{"matching_status":"matched","value":27},"citizenship":{"matching_status":"no_criteria"
2025-10-23 19:01:22,431 - __main__ - INFO - Response keys: dict_keys(['applies'])
2025-10-23 19:01:22,432 - __main__ - INFO - Получено откликов с деталями: 20
2025-10-23 19:01:22,438 - __main__ - INFO - Сохранено в БД: 20 откликов
2025-10-23 19:01:22,439 - werkzeug - INFO - 127.0.0.1 - - [23/Oct/2025 19:01:22] "POST /api/applications/details HTTP/1.1" 200 -
2025-10-23 19:01:22,514 - __main__ - INFO - === get_applications_details: 20 IDs ===
2025-10-23 19:01:22,515 - __main__ - INFO - Запрос деталей для 20 откликов
2025-10-23 19:01:22,569 - urllib3.connectionpool - DEBUG - https://api.avito.ru:443 "POST /job/v1/applications/get_by_ids HTTP/1.1" 200 None
2025-10-23 19:01:22,570 - __main__ - INFO - Response status: 200
2025-10-23 19:01:22,570 - __main__ - INFO - Response text: {"applies":[{"applicant":{"data":{"citizenship":"rus","name":"Марк Хант"},"id":"369430937"},"contacts":{"chat":{"value":"u2i-4c4YcCUnPN0zMCXcKGTLYQ"},"phones":[{"status":null,"value":"79220621096"}]},"created_at":"2025-10-15T07:25:39.545241+03:00","employee_id":null,"enriched_properties":{"citizenship":{"matching_status":"no_criteria","value":"rus"},"phone":{"matching_status":"no_criteria","value":"+79220621096"},"status":"not_completed"},"id":"68ef224457335926a737ed34","is_viewed":true,"negotia
2025-10-23 19:01:22,570 - __main__ - INFO - Response keys: dict_keys(['applies'])
2025-10-23 19:01:22,571 - __main__ - INFO - Получено откликов с деталями: 20
2025-10-23 19:01:22,576 - __main__ - INFO - Сохранено в БД: 20 откликов
2025-10-23 19:01:22,577 - werkzeug - INFO - 127.0.0.1 - - [23/Oct/2025 19:01:22] "POST /api/applications/details HTTP/1.1" 200 -
2025-10-23 19:01:22,751 - __main__ - INFO - === get_applications_details: 20 IDs ===
2025-10-23 19:01:22,752 - __main__ - INFO - Запрос деталей для 20 откликов
2025-10-23 19:01:22,809 - urllib3.connectionpool - DEBUG - https://api.avito.ru:443 "POST /job/v1/applications/get_by_ids HTTP/1.1" 200 None
2025-10-23 19:01:22,809 - __main__ - INFO - Response status: 200
2025-10-23 19:01:22,809 - __main__ - INFO - Response text: {"applies":[{"applicant":{"data":{"birthday":"1977-02-02","citizenship":"rus","name":"Фроленко Андрей Анатольевич"},"id":"228366446"},"contacts":{"chat":{"value":"u2i-EULO~W8cXt2ODBuuUrYTZQ"},"phones":[{"status":null,"value":"79529967542"}]},"created_at":"2025-10-15T01:29:05.763393+03:00","employee_id":null,"enriched_properties":{"age":{"matching_status":"mismatched","value":48},"citizenship":{"matching_status":"no_criteria","value":"rus"},"full_name":{"matching_status":"no_criteria","value":"Фр
2025-10-23 19:01:22,810 - __main__ - INFO - Response keys: dict_keys(['applies'])
2025-10-23 19:01:22,810 - __main__ - INFO - Получено откликов с деталями: 20
2025-10-23 19:01:22,816 - __main__ - INFO - Сохранено в БД: 20 откликов
2025-10-23 19:01:22,817 - werkzeug - INFO - 127.0.0.1 - - [23/Oct/2025 19:01:22] "POST /api/applications/details HTTP/1.1" 200 -
2025-10-23 19:01:22,899 - __main__ - INFO - === get_applications_details: 20 IDs ===
2025-10-23 19:01:22,899 - __main__ - INFO - Запрос деталей для 20 откликов
2025-10-23 19:01:22,948 - urllib3.connectionpool - DEBUG - https://api.avito.ru:443 "POST /job/v1/applications/get_by_ids HTTP/1.1" 200 None
2025-10-23 19:01:22,949 - __main__ - INFO - Response status: 200
2025-10-23 19:01:22,949 - __main__ - INFO - Response text: {"applies":[{"applicant":{"data":{"birthday":"1988-02-11","citizenship":"Россия","education":"Среднее специальное","gender":"Мужской","name":"Крылов Павел Олегович"},"id":"190708447","resume_id":"7708349304"},"contacts":{"chat":{"value":"u2i-J7eXETqxqmZuzCWqH87L5g"},"phones":[{"status":null,"value":"79635323476"}]},"created_at":"2025-10-14T15:24:04.73313+03:00","employee_id":null,"enriched_properties":{"age":{"matching_status":"matched","value":37},"citizenship":{"matching_status":"no_criteria",
2025-10-23 19:01:22,950 - __main__ - INFO - Response keys: dict_keys(['applies'])
2025-10-23 19:01:22,950 - __main__ - INFO - Получено откликов с деталями: 20
2025-10-23 19:01:22,957 - __main__ - INFO - Сохранено в БД: 20 откликов
2025-10-23 19:01:22,957 - werkzeug - INFO - 127.0.0.1 - - [23/Oct/2025 19:01:22] "POST /api/applications/details HTTP/1.1" 200 -
2025-10-23 19:01:23,130 - __main__ - INFO - === get_applications_details: 20 IDs ===
2025-10-23 19:01:23,131 - __main__ - INFO - Запрос деталей для 20 откликов
2025-10-23 19:01:23,189 - urllib3.connectionpool - DEBUG - https://api.avito.ru:443 "POST /job/v1/applications/get_by_ids HTTP/1.1" 200 None
2025-10-23 19:01:23,190 - __main__ - INFO - Response status: 200
2025-10-23 19:01:23,190 - __main__ - INFO - Response text: {"applies":[{"applicant":{"data":{"birthday":"1991-05-20","citizenship":"Россия","gender":"Мужской","name":"Дюков Иван Александрович"},"id":"213319184","resume_id":"7789187590"},"contacts":{"chat":{"value":"u2i-v_QlHM~pjEfxFn_WlcIaRQ"},"phones":[{"status":null,"value":"79029644971"}]},"created_at":"2025-10-14T02:15:33.118682+03:00","employee_id":null,"enriched_properties":{"age":{"matching_status":"matched","value":34},"citizenship":{"matching_status":"no_criteria","value":"rus"},"full_name":{"m
2025-10-23 19:01:23,191 - __main__ - INFO - Response keys: dict_keys(['applies'])
2025-10-23 19:01:23,191 - __main__ - INFO - Получено откликов с деталями: 20
2025-10-23 19:01:23,200 - __main__ - INFO - Сохранено в БД: 20 откликов
2025-10-23 19:01:23,201 - werkzeug - INFO - 127.0.0.1 - - [23/Oct/2025 19:01:23] "POST /api/applications/details HTTP/1.1" 200 -
2025-10-23 19:01:23,266 - __main__ - INFO - === get_applications_details: 20 IDs ===
2025-10-23 19:01:23,267 - __main__ - INFO - Запрос деталей для 20 откликов
2025-10-23 19:01:23,327 - urllib3.connectionpool - DEBUG - https://api.avito.ru:443 "POST /job/v1/applications/get_by_ids HTTP/1.1" 200 None
2025-10-23 19:01:23,328 - __main__ - INFO - Response status: 200
2025-10-23 19:01:23,328 - __main__ - INFO - Response text: {"applies":[{"applicant":{"data":{"birthday":"1996-03-11","citizenship":"rus","name":"Сапрыкин Александр витальевичь"},"id":"410501953"},"contacts":{"chat":{"value":"u2i-LphleRWmVtvdS8~u_2nYYg"},"phones":[{"status":null,"value":"79842971006"}]},"created_at":"2025-10-13T04:33:17.048353+03:00","employee_id":null,"enriched_properties":{"age":{"matching_status":"mismatched","value":29},"citizenship":{"matching_status":"no_criteria","value":"rus"},"full_name":{"matching_status":"no_criteria","value":
2025-10-23 19:01:23,329 - __main__ - INFO - Response keys: dict_keys(['applies'])
2025-10-23 19:01:23,330 - __main__ - INFO - Получено откликов с деталями: 20
2025-10-23 19:01:23,336 - __main__ - INFO - Сохранено в БД: 20 откликов
2025-10-23 19:01:23,337 - werkzeug - INFO - 127.0.0.1 - - [23/Oct/2025 19:01:23] "POST /api/applications/details HTTP/1.1" 200 -
2025-10-23 19:01:23,512 - __main__ - INFO - === get_applications_details: 20 IDs ===
2025-10-23 19:01:23,513 - __main__ - INFO - Запрос деталей для 20 откликов
2025-10-23 19:01:23,564 - urllib3.connectionpool - DEBUG - https://api.avito.ru:443 "POST /job/v1/applications/get_by_ids HTTP/1.1" 200 None
2025-10-23 19:01:23,565 - __main__ - INFO - Response status: 200
2025-10-23 19:01:23,565 - __main__ - INFO - Response text: {"applies":[{"applicant":{"data":{"name":"Аргишт Минасян"},"id":"117223996"},"contacts":{"chat":{"value":"u2i-SHpPA4~TxXOrF_T_0pOipQ"},"phones":[{"status":null,"value":"79187032985"}]},"created_at":"2025-10-11T17:27:45.921134+03:00","employee_id":null,"enriched_properties":null,"id":"68ea696257335926a7aad26f","is_viewed":true,"negotiation_id":944650018,"price":{"bonus":0,"real":6900,"total":6900},"type":"by_phone","updated_at":"2025-10-13T04:52:54Z","vacancy_id":7666812567},{"applicant":{"data":
2025-10-23 19:01:23,566 - __main__ - INFO - Response keys: dict_keys(['applies'])
2025-10-23 19:01:23,566 - __main__ - INFO - Получено откликов с деталями: 20
2025-10-23 19:01:23,577 - __main__ - INFO - Сохранено в БД: 20 откликов
2025-10-23 19:01:23,577 - werkzeug - INFO - 127.0.0.1 - - [23/Oct/2025 19:01:23] "POST /api/applications/details HTTP/1.1" 200 -
2025-10-23 19:01:23,656 - __main__ - INFO - === get_applications_details: 20 IDs ===
2025-10-23 19:01:23,657 - __main__ - INFO - Запрос деталей для 20 откликов
2025-10-23 19:01:23,711 - urllib3.connectionpool - DEBUG - https://api.avito.ru:443 "POST /job/v1/applications/get_by_ids HTTP/1.1" 200 None
2025-10-23 19:01:23,712 - __main__ - INFO - Response status: 200
2025-10-23 19:01:23,712 - __main__ - INFO - Response text: {"applies":[{"applicant":{"data":{"birthday":"1998-11-30","citizenship":"Россия","gender":"Мужской","name":"Паткин Александр Алексеевич"},"id":"407566176","resume_id":"7645245288"},"contacts":{"chat":{"value":"u2i-FMDhUXSssKujD4LWdNMIfA"},"phones":[{"status":null,"value":"79189954945"}]},"created_at":"2025-10-11T00:26:01.586361+03:00","employee_id":null,"enriched_properties":{"age":{"matching_status":"mismatched","value":26},"citizenship":{"matching_status":"no_criteria","value":"rus"},"full_nam
2025-10-23 19:01:23,713 - __main__ - INFO - Response keys: dict_keys(['applies'])
2025-10-23 19:01:23,714 - __main__ - INFO - Получено откликов с деталями: 20
2025-10-23 19:01:23,719 - __main__ - INFO - Сохранено в БД: 20 откликов
2025-10-23 19:01:23,720 - werkzeug - INFO - 127.0.0.1 - - [23/Oct/2025 19:01:23] "POST /api/applications/details HTTP/1.1" 200 -
2025-10-23 19:01:23,895 - __main__ - INFO - === get_applications_details: 20 IDs ===
2025-10-23 19:01:23,895 - __main__ - INFO - Запрос деталей для 20 откликов
2025-10-23 19:01:23,948 - urllib3.connectionpool - DEBUG - https://api.avito.ru:443 "POST /job/v1/applications/get_by_ids HTTP/1.1" 200 None
2025-10-23 19:01:23,949 - __main__ - INFO - Response status: 200
2025-10-23 19:01:23,949 - __main__ - INFO - Response text: {"applies":[{"applicant":{"data":{"birthday":"1996-06-17","citizenship":"Россия","gender":"Мужской","name":"Пигольчук Василий Александрович"},"id":"408097951","resume_id":"7356058661"},"contacts":{"chat":{"value":"u2i-GNfJseDVZ4ps6_iLNLOS8Q"},"phones":[{"status":null,"value":"79123679087"}]},"created_at":"2025-10-09T16:51:34.085886+03:00","employee_id":null,"enriched_properties":{"age":{"matching_status":"mismatched","value":29},"citizenship":{"matching_status":"no_criteria","value":"rus"},"full
2025-10-23 19:01:23,950 - __main__ - INFO - Response keys: dict_keys(['applies'])
2025-10-23 19:01:23,950 - __main__ - INFO - Получено откликов с деталями: 20
2025-10-23 19:01:23,958 - __main__ - INFO - Сохранено в БД: 20 откликов
2025-10-23 19:01:23,959 - werkzeug - INFO - 127.0.0.1 - - [23/Oct/2025 19:01:23] "POST /api/applications/details HTTP/1.1" 200 -
2025-10-23 19:01:24,029 - __main__ - INFO - === get_applications_details: 20 IDs ===
2025-10-23 19:01:24,030 - __main__ - INFO - Запрос деталей для 20 откликов
2025-10-23 19:01:24,080 - urllib3.connectionpool - DEBUG - https://api.avito.ru:443 "POST /job/v1/applications/get_by_ids HTTP/1.1" 200 None
2025-10-23 19:01:24,081 - __main__ - INFO - Response status: 200
2025-10-23 19:01:24,082 - __main__ - INFO - Response text: {"applies":[{"applicant":{"data":{"birthday":"2001-02-26","citizenship":"rus","name":"Асадуллин Ильнур венерович"},"id":"220921475"},"contacts":{"chat":{"value":"u2i-kNkUqfvhi59w0V5N3pPBwg"},"phones":[{"status":null,"value":"79179676455"}]},"created_at":"2025-10-07T21:17:07.588307+03:00","employee_id":null,"enriched_properties":{"age":{"matching_status":"matched","value":24},"citizenship":{"matching_status":"no_criteria","value":"rus"},"full_name":{"matching_status":"no_criteria","value":"Асадул
2025-10-23 19:01:24,082 - __main__ - INFO - Response keys: dict_keys(['applies'])
2025-10-23 19:01:24,082 - __main__ - INFO - Получено откликов с деталями: 20
2025-10-23 19:01:24,087 - __main__ - INFO - Сохранено в БД: 20 откликов
2025-10-23 19:01:24,087 - werkzeug - INFO - 127.0.0.1 - - [23/Oct/2025 19:01:24] "POST /api/applications/details HTTP/1.1" 200 -
2025-10-23 19:01:24,279 - __main__ - INFO - === get_applications_details: 20 IDs ===
2025-10-23 19:01:24,279 - __main__ - INFO - Запрос деталей для 20 откликов
2025-10-23 19:01:24,329 - urllib3.connectionpool - DEBUG - https://api.avito.ru:443 "POST /job/v1/applications/get_by_ids HTTP/1.1" 200 None
2025-10-23 19:01:24,330 - __main__ - INFO - Response status: 200
2025-10-23 19:01:24,331 - __main__ - INFO - Response text: {"applies":[{"applicant":{"data":{"birthday":"2005-09-27","citizenship":"Россия","gender":"Мужской","name":"Перетокин Александр Валентинович"},"id":"379657051","resume_id":"7704797421"},"contacts":{"chat":{"value":"u2i-M57POSzUFAf~9VsR~f63mg"},"phones":[{"status":null,"value":"79940081463"}]},"created_at":"2025-10-06T17:57:32.108805+03:00","employee_id":null,"enriched_properties":{"age":{"matching_status":"matched","value":20},"citizenship":{"matching_status":"no_criteria","value":"rus"},"full_n
2025-10-23 19:01:24,332 - __main__ - INFO - Response keys: dict_keys(['applies'])
2025-10-23 19:01:24,332 - __main__ - INFO - Получено откликов с деталями: 20
2025-10-23 19:01:24,338 - __main__ - INFO - Сохранено в БД: 20 откликов
2025-10-23 19:01:24,338 - werkzeug - INFO - 127.0.0.1 - - [23/Oct/2025 19:01:24] "POST /api/applications/details HTTP/1.1" 200 -
2025-10-23 19:01:24,405 - __main__ - INFO - === get_applications_details: 20 IDs ===
2025-10-23 19:01:24,406 - __main__ - INFO - Запрос деталей для 20 откликов
2025-10-23 19:01:24,467 - urllib3.connectionpool - DEBUG - https://api.avito.ru:443 "POST /job/v1/applications/get_by_ids HTTP/1.1" 200 None
2025-10-23 19:01:24,468 - __main__ - INFO - Response status: 200
2025-10-23 19:01:24,468 - __main__ - INFO - Response text: {"applies":[{"applicant":{"data":{"birthday":"1990-11-19","citizenship":"Казахстан","education":"Среднее специальное","gender":"Мужской","name":"Костяников Андрей Викторович"},"id":"418941687","resume_id":"7636870329"},"contacts":{"chat":{"value":"u2i-v8eiMNJty6Oh0kApFIRkhw"},"phones":[{"status":null,"value":"79137099582"}]},"created_at":"2025-10-05T06:08:12.206383+03:00","employee_id":null,"enriched_properties":{"age":{"matching_status":"mismatched","value":34},"citizenship":{"matching_status":
2025-10-23 19:01:24,469 - __main__ - INFO - Response keys: dict_keys(['applies'])
2025-10-23 19:01:24,469 - __main__ - INFO - Получено откликов с деталями: 20
2025-10-23 19:01:24,474 - __main__ - INFO - Сохранено в БД: 20 откликов
2025-10-23 19:01:24,475 - werkzeug - INFO - 127.0.0.1 - - [23/Oct/2025 19:01:24] "POST /api/applications/details HTTP/1.1" 200 -
2025-10-23 19:01:24,652 - __main__ - INFO - === get_applications_details: 20 IDs ===
2025-10-23 19:01:24,652 - __main__ - INFO - Запрос деталей для 20 откликов
2025-10-23 19:01:24,708 - urllib3.connectionpool - DEBUG - https://api.avito.ru:443 "POST /job/v1/applications/get_by_ids HTTP/1.1" 200 None
2025-10-23 19:01:24,708 - __main__ - INFO - Response status: 200
2025-10-23 19:01:24,709 - __main__ - INFO - Response text: {"applies":[{"applicant":{"data":{"birthday":"2004-04-12","citizenship":"Россия","gender":"Мужской","name":"Фогель Станислав Витальевич"},"id":"391655020","resume_id":"4618451546"},"contacts":{"chat":{"value":"u2i-vh432fUx5jyf_RL8jKpguA"},"phones":[{"status":null,"value":"79130820961"}]},"created_at":"2025-10-04T08:40:15.423326+03:00","employee_id":null,"enriched_properties":{"age":{"matching_status":"matched","value":21},"citizenship":{"matching_status":"no_criteria","value":"rus"},"full_name":
2025-10-23 19:01:24,709 - __main__ - INFO - Response keys: dict_keys(['applies'])
2025-10-23 19:01:24,709 - __main__ - INFO - Получено откликов с деталями: 20
2025-10-23 19:01:24,714 - __main__ - INFO - Сохранено в БД: 20 откликов
2025-10-23 19:01:24,715 - werkzeug - INFO - 127.0.0.1 - - [23/Oct/2025 19:01:24] "POST /api/applications/details HTTP/1.1" 200 -
2025-10-23 19:01:24,781 - __main__ - INFO - === get_applications_details: 20 IDs ===
2025-10-23 19:01:24,782 - __main__ - INFO - Запрос деталей для 20 откликов
2025-10-23 19:01:24,838 - urllib3.connectionpool - DEBUG - https://api.avito.ru:443 "POST /job/v1/applications/get_by_ids HTTP/1.1" 200 None
2025-10-23 19:01:24,839 - __main__ - INFO - Response status: 200
2025-10-23 19:01:24,839 - __main__ - INFO - Response text: {"applies":[{"applicant":{"data":{"birthday":"1988-09-09","citizenship":"rus","name":"алексей александрович фадеев"},"id":"71800961"},"contacts":{"chat":{"value":"u2i-ku~MxsaKnDEYmquST6wemg"},"phones":[{"status":null,"value":"79538018353"}]},"created_at":"2025-10-03T10:28:24.002604+03:00","employee_id":null,"enriched_properties":{"age":{"matching_status":"mismatched","value":37},"citizenship":{"matching_status":"no_criteria","value":"rus"},"full_name":{"matching_status":"no_criteria","value":"ал
2025-10-23 19:01:24,840 - __main__ - INFO - Response keys: dict_keys(['applies'])
2025-10-23 19:01:24,840 - __main__ - INFO - Получено откликов с деталями: 20
2025-10-23 19:01:24,846 - __main__ - INFO - Сохранено в БД: 20 откликов
2025-10-23 19:01:24,847 - werkzeug - INFO - 127.0.0.1 - - [23/Oct/2025 19:01:24] "POST /api/applications/details HTTP/1.1" 200 -
2025-10-23 19:01:25,030 - __main__ - INFO - === get_applications_details: 20 IDs ===
2025-10-23 19:01:25,030 - __main__ - INFO - Запрос деталей для 20 откликов
2025-10-23 19:01:25,081 - urllib3.connectionpool - DEBUG - https://api.avito.ru:443 "POST /job/v1/applications/get_by_ids HTTP/1.1" 200 None
2025-10-23 19:01:25,082 - __main__ - INFO - Response status: 200
2025-10-23 19:01:25,082 - __main__ - INFO - Response text: {"applies":[{"applicant":{"data":{"birthday":"1982-04-01","citizenship":"Россия","gender":"Мужской","name":"Крючков Сергей Владимирович"},"id":"420407729","resume_id":"7662529038"},"contacts":{"chat":{"value":"u2i-Ct37I_LmcNJRvGD5oW0Ajw"},"phones":[{"status":null,"value":"79539386636"}]},"created_at":"2025-10-02T18:33:41.64674+03:00","employee_id":null,"enriched_properties":{"age":{"matching_status":"mismatched","value":43},"citizenship":{"matching_status":"no_criteria","value":"rus"},"full_name
2025-10-23 19:01:25,082 - __main__ - INFO - Response keys: dict_keys(['applies'])
2025-10-23 19:01:25,083 - __main__ - INFO - Получено откликов с деталями: 20
2025-10-23 19:01:25,087 - __main__ - INFO - Сохранено в БД: 20 откликов
2025-10-23 19:01:25,088 - werkzeug - INFO - 127.0.0.1 - - [23/Oct/2025 19:01:25] "POST /api/applications/details HTTP/1.1" 200 -
2025-10-23 19:01:25,163 - __main__ - INFO - === get_applications_details: 20 IDs ===
2025-10-23 19:01:25,163 - __main__ - INFO - Запрос деталей для 20 откликов
2025-10-23 19:01:25,223 - urllib3.connectionpool - DEBUG - https://api.avito.ru:443 "POST /job/v1/applications/get_by_ids HTTP/1.1" 200 None
2025-10-23 19:01:25,223 - __main__ - INFO - Response status: 200
2025-10-23 19:01:25,224 - __main__ - INFO - Response text: {"applies":[{"applicant":{"data":{"name":"Суриков Михаил Михайлович"},"id":"414530279"},"contacts":{"chat":{"value":"u2i-gKKwzGIflRgfxFv1vyuvkQ"},"phones":[{"status":null,"value":"79212294374"}]},"created_at":"2025-09-30T15:39:04.804963+03:00","employee_id":null,"enriched_properties":null,"id":"68dbcf692c1693c1b66e887f","is_viewed":true,"negotiation_id":937036905,"price":{"bonus":0,"real":8000,"total":8000},"type":"by_phone","updated_at":"2025-09-30T12:44:51Z","vacancy_id":7634454163},{"applican
2025-10-23 19:01:25,224 - __main__ - INFO - Response keys: dict_keys(['applies'])
2025-10-23 19:01:25,224 - __main__ - INFO - Получено откликов с деталями: 20
2025-10-23 19:01:25,230 - __main__ - INFO - Сохранено в БД: 20 откликов
2025-10-23 19:01:25,232 - werkzeug - INFO - 127.0.0.1 - - [23/Oct/2025 19:01:25] "POST /api/applications/details HTTP/1.1" 200 -
2025-10-23 19:01:25,397 - __main__ - INFO - === get_applications_details: 6 IDs ===
2025-10-23 19:01:25,397 - __main__ - INFO - Запрос деталей для 6 откликов
2025-10-23 19:01:25,447 - urllib3.connectionpool - DEBUG - https://api.avito.ru:443 "POST /job/v1/applications/get_by_ids HTTP/1.1" 200 None
2025-10-23 19:01:25,447 - __main__ - INFO - Response status: 200
2025-10-23 19:01:25,448 - __main__ - INFO - Response text: {"applies":[{"applicant":{"data":{"birthday":"1993-08-14","citizenship":"rus","name":"Владимир Геннадьевич Брилкин"},"id":"400490875"},"contacts":{"chat":{"value":"u2i-97oFXOI5oGPAMK2GfmLLrg"},"phones":[{"status":null,"value":"79516155285"}]},"created_at":"2025-09-01T16:50:42.743454+03:00","employee_id":null,"enriched_properties":{"age":{"matching_status":"mismatched","value":32},"citizenship":{"matching_status":"matched","value":"rus"},"full_name":{"matching_status":"no_criteria","value":"Влади
2025-10-23 19:01:25,448 - __main__ - INFO - Response keys: dict_keys(['applies'])
2025-10-23 19:01:25,448 - __main__ - INFO - Получено откликов с деталями: 6
2025-10-23 19:01:25,457 - __main__ - INFO - Сохранено в БД: 6 откликов
2025-10-23 19:01:25,458 - werkzeug - INFO - 127.0.0.1 - - [23/Oct/2025 19:01:25] "POST /api/applications/details HTTP/1.1" 200 -
2025-10-23 19:01:25,681 - urllib3.connectionpool - DEBUG - https://api.avito.ru:443 "GET /messenger/v2/accounts/316615541/chats?limit=50&offset=0 HTTP/1.1" 200 None
2025-10-23 19:01:25,704 - werkzeug - INFO - 127.0.0.1 - - [23/Oct/2025 19:01:25] "GET /api/chats?limit=50 HTTP/1.1" 200 -
2025-10-23 19:01:26,604 - urllib3.connectionpool - DEBUG - https://api.avito.ru:443 "GET /messenger/v2/accounts/316615541/chats?limit=100&offset=0 HTTP/1.1" 200 None
2025-10-23 19:01:26,816 - urllib3.connectionpool - DEBUG - https://api.avito.ru:443 "GET /messenger/v2/accounts/316615541/chats?limit=100&offset=100 HTTP/1.1" 200 None
2025-10-23 19:01:27,411 - urllib3.connectionpool - DEBUG - https://api.avito.ru:443 "GET /messenger/v2/accounts/316615541/chats?limit=100&offset=200 HTTP/1.1" 200 None
2025-10-23 19:01:27,638 - urllib3.connectionpool - DEBUG - https://api.avito.ru:443 "GET /messenger/v2/accounts/316615541/chats?limit=100&offset=300 HTTP/1.1" 200 None
2025-10-23 19:01:28,244 - urllib3.connectionpool - DEBUG - https://api.avito.ru:443 "GET /messenger/v2/accounts/316615541/chats?limit=100&offset=400 HTTP/1.1" 200 None
2025-10-23 19:01:28,694 - urllib3.connectionpool - DEBUG - https://api.avito.ru:443 "GET /messenger/v2/accounts/316615541/chats?limit=100&offset=500 HTTP/1.1" 200 None
2025-10-23 19:01:28,716 - __main__ - INFO - === get_all_job_applications: days=30 ===
2025-10-23 19:01:28,716 - __main__ - INFO - Запрос ВСЕХ откликов с датой: 2025-09-23
2025-10-23 19:01:28,716 - __main__ - INFO - --- Страница 1 ---
2025-10-23 19:01:28,717 - __main__ - INFO - Запрос первой страницы откликов...
2025-10-23 19:01:28,766 - urllib3.connectionpool - DEBUG - https://api.avito.ru:443 "GET /job/v1/applications/get_ids?limit=100&updatedAtFrom=2025-09-23 HTTP/1.1" 200 None
2025-10-23 19:01:28,767 - __main__ - INFO - Response status: 200
2025-10-23 19:01:28,767 - __main__ - INFO - Получено откликов на странице: 100
2025-10-23 19:01:28,767 - __main__ - INFO - Всего откликов собрано: 100
2025-10-23 19:01:28,768 - __main__ - INFO - ID последнего отклика для cursor: 68f71fbc57335926a770...
2025-10-23 19:01:28,768 - __main__ - INFO - --- Страница 2 ---
2025-10-23 19:01:28,768 - __main__ - INFO - Запрос с cursor: 68f71fbc57335926a770...
2025-10-23 19:01:28,816 - urllib3.connectionpool - DEBUG - https://api.avito.ru:443 "GET /job/v1/applications/get_ids?limit=100&updatedAtFrom=2025-09-23&cursor=68f71fbc57335926a770e46e HTTP/1.1" 200 None
2025-10-23 19:01:28,817 - __main__ - INFO - Response status: 200
2025-10-23 19:01:28,818 - __main__ - INFO - Получено откликов на странице: 100
2025-10-23 19:01:28,818 - __main__ - INFO - Всего откликов собрано: 200
2025-10-23 19:01:28,818 - __main__ - INFO - ID последнего отклика для cursor: 68f58fad57335926a76d...
2025-10-23 19:01:28,818 - __main__ - INFO - --- Страница 3 ---
2025-10-23 19:01:28,818 - __main__ - INFO - Запрос с cursor: 68f58fad57335926a76d...
2025-10-23 19:01:28,863 - urllib3.connectionpool - DEBUG - https://api.avito.ru:443 "GET /job/v1/applications/get_ids?limit=100&updatedAtFrom=2025-09-23&cursor=68f58fad57335926a76da0f3 HTTP/1.1" 200 None
2025-10-23 19:01:28,864 - __main__ - INFO - Response status: 200
2025-10-23 19:01:28,865 - __main__ - INFO - Получено откликов на странице: 100
2025-10-23 19:01:28,865 - __main__ - INFO - Всего откликов собрано: 300
2025-10-23 19:01:28,865 - __main__ - INFO - ID последнего отклика для cursor: 68ef891d57335926a7ed...
2025-10-23 19:01:28,865 - __main__ - INFO - --- Страница 4 ---
2025-10-23 19:01:28,865 - __main__ - INFO - Запрос с cursor: 68ef891d57335926a7ed...
2025-10-23 19:01:28,900 - urllib3.connectionpool - DEBUG - https://api.avito.ru:443 "GET /messenger/v2/accounts/316615541/chats?limit=100&offset=600 HTTP/1.1" 200 None
2025-10-23 19:01:28,909 - urllib3.connectionpool - DEBUG - https://api.avito.ru:443 "GET /job/v1/applications/get_ids?limit=100&updatedAtFrom=2025-09-23&cursor=68ef891d57335926a7ed1206 HTTP/1.1" 200 None
2025-10-23 19:01:28,910 - __main__ - INFO - Response status: 200
2025-10-23 19:01:28,910 - __main__ - INFO - Получено откликов на странице: 100
2025-10-23 19:01:28,910 - __main__ - INFO - Всего откликов собрано: 400
2025-10-23 19:01:28,910 - __main__ - INFO - ID последнего отклика для cursor: 68ee40e557335926a7bf...
2025-10-23 19:01:28,911 - __main__ - INFO - --- Страница 5 ---
2025-10-23 19:01:28,911 - __main__ - INFO - Запрос с cursor: 68ee40e557335926a7bf...
2025-10-23 19:01:28,951 - urllib3.connectionpool - DEBUG - https://api.avito.ru:443 "GET /job/v1/applications/get_ids?limit=100&updatedAtFrom=2025-09-23&cursor=68ee40e557335926a7bf3f69 HTTP/1.1" 200 None
2025-10-23 19:01:28,952 - __main__ - INFO - Response status: 200
2025-10-23 19:01:28,952 - __main__ - INFO - Получено откликов на странице: 100
2025-10-23 19:01:28,952 - __main__ - INFO - Всего откликов собрано: 500
2025-10-23 19:01:28,953 - __main__ - INFO - ID последнего отклика для cursor: 68e7bde72c1693c1b640...
2025-10-23 19:01:28,953 - __main__ - INFO - --- Страница 6 ---
2025-10-23 19:01:28,953 - __main__ - INFO - Запрос с cursor: 68e7bde72c1693c1b640...
2025-10-23 19:01:28,996 - urllib3.connectionpool - DEBUG - https://api.avito.ru:443 "GET /job/v1/applications/get_ids?limit=100&updatedAtFrom=2025-09-23&cursor=68e7bde72c1693c1b6401454 HTTP/1.1" 200 None
2025-10-23 19:01:28,997 - __main__ - INFO - Response status: 200
2025-10-23 19:01:28,997 - __main__ - INFO - Получено откликов на странице: 100
2025-10-23 19:01:28,998 - __main__ - INFO - Всего откликов собрано: 600
2025-10-23 19:01:28,998 - __main__ - INFO - ID последнего отклика для cursor: 68df7b182c1693c1b6e9...
2025-10-23 19:01:28,998 - __main__ - INFO - --- Страница 7 ---
2025-10-23 19:01:28,999 - __main__ - INFO - Запрос с cursor: 68df7b182c1693c1b6e9...
2025-10-23 19:01:29,037 - urllib3.connectionpool - DEBUG - https://api.avito.ru:443 "GET /job/v1/applications/get_ids?limit=100&updatedAtFrom=2025-09-23&cursor=68df7b182c1693c1b6e97d21 HTTP/1.1" 200 None
2025-10-23 19:01:29,037 - __main__ - INFO - Response status: 200
2025-10-23 19:01:29,038 - __main__ - INFO - Получено откликов на странице: 46
2025-10-23 19:01:29,038 - __main__ - INFO - Всего откликов собрано: 646
2025-10-23 19:01:29,038 - __main__ - INFO - ID последнего отклика для cursor: 68b5a4b31deb3bab0fde...
2025-10-23 19:01:29,038 - __main__ - INFO - Получено меньше лимита (46 < 100), последняя страница
2025-10-23 19:01:29,039 - __main__ - INFO - === ИТОГО: Получено 646 откликов за 7 страниц ===
2025-10-23 19:01:29,039 - __main__ - INFO - ✅ Все 646 ID уникальны - дубликатов нет
2025-10-23 19:01:29,040 - werkzeug - INFO - 127.0.0.1 - - [23/Oct/2025 19:01:29] "GET /api/applications/all?days=30 HTTP/1.1" 200 -
2025-10-23 19:01:29,099 - urllib3.connectionpool - DEBUG - https://api.avito.ru:443 "GET /messenger/v2/accounts/316615541/chats?limit=100&offset=700 HTTP/1.1" 200 None
2025-10-23 19:01:29,268 - urllib3.connectionpool - DEBUG - https://api.avito.ru:443 "GET /messenger/v2/accounts/316615541/chats?limit=100&offset=800 HTTP/1.1" 200 None
2025-10-23 19:01:29,349 - __main__ - INFO - === get_applications_details: 20 IDs ===
2025-10-23 19:01:29,350 - __main__ - INFO - Запрос деталей для 20 откликов
2025-10-23 19:01:29,415 - urllib3.connectionpool - DEBUG - https://api.avito.ru:443 "POST /job/v1/applications/get_by_ids HTTP/1.1" 200 None
2025-10-23 19:01:29,415 - __main__ - INFO - Response status: 200
2025-10-23 19:01:29,416 - __main__ - INFO - Response text: {"applies":[{"applicant":{"data":{"birthday":"2001-06-10","citizenship":"Россия","gender":"Мужской","name":"Потапов Антон Сергеевич"},"id":"403574381","resume_id":"7434870869"},"contacts":{"chat":{"value":"u2i-XWQVOBCC3k5cq~2CruL9ow"},"phones":[{"status":null,"value":"79016546327"}]},"created_at":"2025-10-22T10:53:59.659173+03:00","employee_id":null,"enriched_properties":{"age":{"matching_status":"matched","value":24},"citizenship":{"matching_status":"no_criteria","value":"rus"},"full_name":{"ma
2025-10-23 19:01:29,416 - __main__ - INFO - Response keys: dict_keys(['applies'])
2025-10-23 19:01:29,416 - __main__ - INFO - Получено откликов с деталями: 20
2025-10-23 19:01:29,425 - __main__ - INFO - Сохранено в БД: 20 откликов
2025-10-23 19:01:29,426 - werkzeug - INFO - 127.0.0.1 - - [23/Oct/2025 19:01:29] "POST /api/applications/details HTTP/1.1" 200 -
2025-10-23 19:01:29,463 - urllib3.connectionpool - DEBUG - https://api.avito.ru:443 "GET /messenger/v2/accounts/316615541/chats?limit=100&offset=900 HTTP/1.1" 200 None
2025-10-23 19:01:29,656 - urllib3.connectionpool - DEBUG - https://api.avito.ru:443 "GET /messenger/v2/accounts/316615541/chats?limit=100&offset=1000 HTTP/1.1" 200 None
2025-10-23 19:01:29,734 - werkzeug - INFO - 127.0.0.1 - - [23/Oct/2025 19:01:29] "GET /api/chats/all HTTP/1.1" 200 -
2025-10-23 19:01:29,737 - __main__ - INFO - === get_applications_details: 20 IDs ===
2025-10-23 19:01:29,737 - __main__ - INFO - Запрос деталей для 20 откликов
2025-10-23 19:01:29,793 - urllib3.connectionpool - DEBUG - https://api.avito.ru:443 "POST /job/v1/applications/get_by_ids HTTP/1.1" 200 None
2025-10-23 19:01:29,794 - __main__ - INFO - Response status: 200
2025-10-23 19:01:29,794 - __main__ - INFO - Response text: {"applies":[{"applicant":{"data":{"birthday":"1985-03-28","citizenship":"Россия","gender":"Мужской","name":"Мусин Ринат"},"id":"399421728","resume_id":"7453730545"},"contacts":{"chat":{"value":"u2i-Vk1Tq3un9oNp4W9BMXXp0g"},"phones":[{"status":null,"value":"79208771328"}]},"created_at":"2025-10-22T07:54:01.981028+03:00","employee_id":null,"enriched_properties":{"age":{"matching_status":"mismatched","value":40},"citizenship":{"matching_status":"no_criteria","value":"rus"},"full_name":{"matching_st
2025-10-23 19:01:29,795 - __main__ - INFO - Response keys: dict_keys(['applies'])
2025-10-23 19:01:29,795 - __main__ - INFO - Получено откликов с деталями: 20
2025-10-23 19:01:29,800 - __main__ - INFO - Сохранено в БД: 20 откликов
2025-10-23 19:01:29,801 - werkzeug - INFO - 127.0.0.1 - - [23/Oct/2025 19:01:29] "POST /api/applications/details HTTP/1.1" 200 -
2025-10-23 19:01:30,131 - __main__ - INFO - === get_applications_details: 20 IDs ===
2025-10-23 19:01:30,131 - __main__ - INFO - Запрос деталей для 20 откликов
2025-10-23 19:01:30,183 - urllib3.connectionpool - DEBUG - https://api.avito.ru:443 "POST /job/v1/applications/get_by_ids HTTP/1.1" 200 None
2025-10-23 19:01:30,184 - __main__ - INFO - Response status: 200
2025-10-23 19:01:30,184 - __main__ - INFO - Response text: {"applies":[{"applicant":{"data":{"birthday":"1996-07-18","citizenship":"Россия","education":"Среднее специальное","gender":"Мужской","name":"Сияшин Евгений Юрьевич"},"id":"65092615","resume_id":"4485064429"},"contacts":{"chat":{"value":"u2i-WpjryXkT7HQulnUR_XnhiA"},"phones":[{"status":null,"value":"79526392653"}]},"created_at":"2025-10-22T05:20:51.417179+03:00","employee_id":null,"enriched_properties":{"age":{"matching_status":"matched","value":29},"citizenship":{"matching_status":"no_criteria"
2025-10-23 19:01:30,185 - __main__ - INFO - Response keys: dict_keys(['applies'])
2025-10-23 19:01:30,185 - __main__ - INFO - Получено откликов с деталями: 20
2025-10-23 19:01:30,190 - __main__ - INFO - Сохранено в БД: 20 откликов
2025-10-23 19:01:30,191 - werkzeug - INFO - 127.0.0.1 - - [23/Oct/2025 19:01:30] "POST /api/applications/details HTTP/1.1" 200 -
2025-10-23 19:01:30,398 - __main__ - INFO - === get_applications_details: 20 IDs ===
2025-10-23 19:01:30,399 - __main__ - INFO - Запрос деталей для 20 откликов
2025-10-23 19:01:30,456 - urllib3.connectionpool - DEBUG - https://api.avito.ru:443 "POST /job/v1/applications/get_by_ids HTTP/1.1" 200 None
2025-10-23 19:01:30,457 - __main__ - INFO - Response status: 200
2025-10-23 19:01:30,457 - __main__ - INFO - Response text: {"applies":[{"applicant":{"data":{"birthday":"1990-09-27","citizenship":"rus","name":"Драгунов Евгений Павлович"},"id":"143072287"},"contacts":{"chat":{"value":"u2i-AN8VlA0IjgWCMpzD4xdC0w"},"phones":[{"status":null,"value":"79531029340"}]},"created_at":"2025-10-21T10:06:12.637712+03:00","employee_id":null,"enriched_properties":{"age":{"matching_status":"mismatched","value":35},"citizenship":{"matching_status":"no_criteria","value":"rus"},"full_name":{"matching_status":"no_criteria","value":"Драг
2025-10-23 19:01:30,458 - __main__ - INFO - Response keys: dict_keys(['applies'])
2025-10-23 19:01:30,458 - __main__ - INFO - Получено откликов с деталями: 20
2025-10-23 19:01:30,467 - __main__ - INFO - Сохранено в БД: 20 откликов
2025-10-23 19:01:30,468 - werkzeug - INFO - 127.0.0.1 - - [23/Oct/2025 19:01:30] "POST /api/applications/details HTTP/1.1" 200 -
2025-10-23 19:01:30,500 - __main__ - INFO - === get_applications_details: 20 IDs ===
2025-10-23 19:01:30,500 - __main__ - INFO - Запрос деталей для 20 откликов
2025-10-23 19:01:30,553 - urllib3.connectionpool - DEBUG - https://api.avito.ru:443 "POST /job/v1/applications/get_by_ids HTTP/1.1" 200 None
2025-10-23 19:01:30,554 - __main__ - INFO - Response status: 200
2025-10-23 19:01:30,554 - __main__ - INFO - Response text: {"applies":[{"applicant":{"data":{"birthday":"1997-03-15","citizenship":"rus","name":"Хамроев Амир Негматович"},"id":"303638237"},"contacts":{"chat":{"value":"u2i-M6UHQrNKj_uu7J1bCP0wBg"},"phones":[{"status":null,"value":"79120879902"}]},"created_at":"2025-10-21T08:52:59.571933+03:00","employee_id":null,"enriched_properties":{"age":{"matching_status":"matched","value":28},"citizenship":{"matching_status":"no_criteria","value":"rus"},"full_name":{"matching_status":"no_criteria","value":"Хамроев А
2025-10-23 19:01:30,555 - __main__ - INFO - Response keys: dict_keys(['applies'])
2025-10-23 19:01:30,555 - __main__ - INFO - Получено откликов с деталями: 20
2025-10-23 19:01:30,561 - __main__ - INFO - Сохранено в БД: 20 откликов
2025-10-23 19:01:30,562 - werkzeug - INFO - 127.0.0.1 - - [23/Oct/2025 19:01:30] "POST /api/applications/details HTTP/1.1" 200 -
2025-10-23 19:01:30,777 - __main__ - INFO - === get_applications_details: 20 IDs ===
2025-10-23 19:01:30,778 - __main__ - INFO - Запрос деталей для 20 откликов
2025-10-23 19:01:30,841 - urllib3.connectionpool - DEBUG - https://api.avito.ru:443 "POST /job/v1/applications/get_by_ids HTTP/1.1" 200 None
2025-10-23 19:01:30,842 - __main__ - INFO - Response status: 200
2025-10-23 19:01:30,842 - __main__ - INFO - Response text: {"applies":[{"applicant":{"data":{"birthday":"1982-03-07","citizenship":"Россия","gender":"Мужской","name":"Петров Алексей Дмитриевич"},"id":"385867173","resume_id":"7714376182"},"contacts":{"chat":{"value":"u2i-oyQtU3yQUCo4GCDg_PvC7g"},"phones":[{"status":null,"value":"79245975785"}]},"created_at":"2025-10-21T08:00:57.23191+03:00","employee_id":null,"enriched_properties":{"age":{"matching_status":"mismatched","value":43},"citizenship":{"matching_status":"no_criteria","value":"rus"},"full_name":
2025-10-23 19:01:30,843 - __main__ - INFO - Response keys: dict_keys(['applies'])
2025-10-23 19:01:30,843 - __main__ - INFO - Получено откликов с деталями: 20
2025-10-23 19:01:30,852 - __main__ - INFO - Сохранено в БД: 20 откликов
2025-10-23 19:01:30,853 - werkzeug - INFO - 127.0.0.1 - - [23/Oct/2025 19:01:30] "POST /api/applications/details HTTP/1.1" 200 -
2025-10-23 19:01:30,881 - __main__ - INFO - === get_applications_details: 20 IDs ===
2025-10-23 19:01:30,881 - __main__ - INFO - Запрос деталей для 20 откликов
2025-10-23 19:01:31,246 - urllib3.connectionpool - DEBUG - https://api.avito.ru:443 "POST /job/v1/applications/get_by_ids HTTP/1.1" 200 None
2025-10-23 19:01:31,247 - __main__ - INFO - Response status: 200
2025-10-23 19:01:31,247 - __main__ - INFO - Response text: {"applies":[{"applicant":{"data":{"birthday":"1974-01-19","citizenship":"Россия","education":"Среднее","gender":"Мужской","name":"Кокан Андрей Сергеевич"},"id":"172246966","resume_id":"4724045414"},"contacts":{"chat":{"value":"u2i-q~xhSyAdrRq8Qe0~1xLfWg"},"phones":[{"status":null,"value":"79612417981"}]},"created_at":"2025-10-20T07:45:12.494962+03:00","employee_id":null,"enriched_properties":{"age":{"matching_status":"mismatched","value":51},"citizenship":{"matching_status":"no_criteria","value"
2025-10-23 19:01:31,248 - __main__ - INFO - Response keys: dict_keys(['applies'])
2025-10-23 19:01:31,248 - __main__ - INFO - Получено откликов с деталями: 20
2025-10-23 19:01:31,254 - __main__ - INFO - Сохранено в БД: 20 откликов
2025-10-23 19:01:31,255 - werkzeug - INFO - 127.0.0.1 - - [23/Oct/2025 19:01:31] "POST /api/applications/details HTTP/1.1" 200 -
2025-10-23 19:01:31,261 - __main__ - INFO - === get_applications_details: 20 IDs ===
2025-10-23 19:01:31,261 - __main__ - INFO - Запрос деталей для 20 откликов
2025-10-23 19:01:31,316 - urllib3.connectionpool - DEBUG - https://api.avito.ru:443 "POST /job/v1/applications/get_by_ids HTTP/1.1" 200 None
2025-10-23 19:01:31,317 - __main__ - INFO - Response status: 200
2025-10-23 19:01:31,317 - __main__ - INFO - Response text: {"applies":[{"applicant":{"data":{"birthday":"1971-04-11","citizenship":"Россия","education":"Среднее","gender":"Мужской","name":"Чеботару Олег Ильич"},"id":"82028053","resume_id":"7666316040"},"contacts":{"chat":{"value":"u2i-yQ7SrngtKlALeqQyVezxbg"},"phones":[{"status":null,"value":"79088864111"}]},"created_at":"2025-10-20T06:59:15.04454+03:00","employee_id":null,"enriched_properties":{"age":{"matching_status":"mismatched","value":54},"citizenship":{"matching_status":"no_criteria","value":"rus
2025-10-23 19:01:31,318 - __main__ - INFO - Response keys: dict_keys(['applies'])
2025-10-23 19:01:31,318 - __main__ - INFO - Получено откликов с деталями: 20
2025-10-23 19:01:31,323 - __main__ - INFO - Сохранено в БД: 20 откликов
2025-10-23 19:01:31,323 - werkzeug - INFO - 127.0.0.1 - - [23/Oct/2025 19:01:31] "POST /api/applications/details HTTP/1.1" 200 -
2025-10-23 19:01:31,632 - __main__ - INFO - === get_applications_details: 20 IDs ===
2025-10-23 19:01:31,632 - __main__ - INFO - Запрос деталей для 20 откликов
2025-10-23 19:01:31,683 - urllib3.connectionpool - DEBUG - https://api.avito.ru:443 "POST /job/v1/applications/get_by_ids HTTP/1.1" 200 None
2025-10-23 19:01:31,684 - __main__ - INFO - Response status: 200
2025-10-23 19:01:31,684 - __main__ - INFO - Response text: {"applies":[{"applicant":{"data":{"birthday":"2004-07-30","citizenship":"rus","name":"Якимов Юрий Витальевич"},"id":"181643029"},"contacts":{"chat":{"value":"u2i-ubi1m1M4W_jdEE6PEQ3l2w"},"phones":[{"status":null,"value":"79991749676"}]},"created_at":"2025-10-20T05:58:20.233083+03:00","employee_id":null,"enriched_properties":{"age":{"matching_status":"matched","value":21},"citizenship":{"matching_status":"no_criteria","value":"rus"},"full_name":{"matching_status":"no_criteria","value":"Якимов Юри
2025-10-23 19:01:31,684 - __main__ - INFO - Response keys: dict_keys(['applies'])
2025-10-23 19:01:31,685 - __main__ - INFO - Получено откликов с деталями: 20
2025-10-23 19:01:31,690 - __main__ - INFO - Сохранено в БД: 20 откликов
2025-10-23 19:01:31,691 - werkzeug - INFO - 127.0.0.1 - - [23/Oct/2025 19:01:31] "POST /api/applications/details HTTP/1.1" 200 -
2025-10-23 19:01:31,888 - __main__ - INFO - === get_applications_details: 20 IDs ===
2025-10-23 19:01:31,888 - __main__ - INFO - Запрос деталей для 20 откликов
2025-10-23 19:01:31,939 - urllib3.connectionpool - DEBUG - https://api.avito.ru:443 "POST /job/v1/applications/get_by_ids HTTP/1.1" 200 None
2025-10-23 19:01:31,940 - __main__ - INFO - Response status: 200
2025-10-23 19:01:31,940 - __main__ - INFO - Response text: {"applies":[{"applicant":{"data":{"name":"Стрежнев Михаил сергеевич"},"id":"358176879"},"contacts":{"chat":{"value":"u2i-z~U0lIVcHcIqdhLWquhmzQ"},"phones":[{"status":null,"value":"79089091181"}]},"created_at":"2025-10-20T04:26:04.075498+03:00","employee_id":null,"enriched_properties":null,"id":"68f58fad57335926a76da0f3","is_viewed":true,"negotiation_id":950309723,"price":{"bonus":0,"real":6100,"total":6100},"type":"by_chat","updated_at":"2025-10-20T01:26:26Z","vacancy_id":7666536478},{"applicant
2025-10-23 19:01:31,941 - __main__ - INFO - Response keys: dict_keys(['applies'])
2025-10-23 19:01:31,941 - __main__ - INFO - Получено откликов с деталями: 20
2025-10-23 19:01:31,946 - __main__ - INFO - Сохранено в БД: 20 откликов
2025-10-23 19:01:31,948 - werkzeug - INFO - 127.0.0.1 - - [23/Oct/2025 19:01:31] "POST /api/applications/details HTTP/1.1" 200 -
2025-10-23 19:01:31,998 - __main__ - INFO - === get_applications_details: 20 IDs ===
2025-10-23 19:01:31,999 - __main__ - INFO - Запрос деталей для 20 откликов
2025-10-23 19:01:32,057 - urllib3.connectionpool - DEBUG - https://api.avito.ru:443 "POST /job/v1/applications/get_by_ids HTTP/1.1" 200 None
2025-10-23 19:01:32,058 - __main__ - INFO - Response status: 200
2025-10-23 19:01:32,058 - __main__ - INFO - Response text: {"applies":[{"applicant":{"data":{"birthday":"2006-10-06","citizenship":"Россия","education":"Незаконченное высшее","gender":"Женский","name":"Хасанова Алсу Флоритовна"},"id":"363600777","resume_id":"3783347123"},"contacts":{"chat":{"value":"u2i-uTqKgEvMwutoIZ8_KczNkw"},"phones":[{"status":null,"value":"79631389118"}]},"created_at":"2025-10-20T02:07:33.699538+03:00","employee_id":null,"enriched_properties":{"age":{"matching_status":"matched","value":19},"citizenship":{"matching_status":"no_crite
2025-10-23 19:01:32,059 - __main__ - INFO - Response keys: dict_keys(['applies'])
2025-10-23 19:01:32,059 - __main__ - INFO - Получено откликов с деталями: 20
2025-10-23 19:01:32,065 - __main__ - INFO - Сохранено в БД: 20 откликов
2025-10-23 19:01:32,066 - werkzeug - INFO - 127.0.0.1 - - [23/Oct/2025 19:01:32] "POST /api/applications/details HTTP/1.1" 200 -
2025-10-23 19:01:32,260 - __main__ - INFO - === get_applications_details: 20 IDs ===
2025-10-23 19:01:32,261 - __main__ - INFO - Запрос деталей для 20 откликов
2025-10-23 19:01:32,313 - urllib3.connectionpool - DEBUG - https://api.avito.ru:443 "POST /job/v1/applications/get_by_ids HTTP/1.1" 200 None
2025-10-23 19:01:32,314 - __main__ - INFO - Response status: 200
2025-10-23 19:01:32,314 - __main__ - INFO - Response text: {"applies":[{"applicant":{"data":{"birthday":"1985-07-14","citizenship":"rus","name":"Балданов Чингис Дондокович"},"id":"42395410"},"contacts":{"chat":{"value":"u2i-JR0MXskgWa9Bi7Z0g7WOxg"},"phones":[{"status":null,"value":"79996039022"}]},"created_at":"2025-10-19T23:34:49.527103+03:00","employee_id":null,"enriched_properties":{"age":{"matching_status":"mismatched","value":40},"citizenship":{"matching_status":"no_criteria","value":"rus"},"full_name":{"matching_status":"no_criteria","value":"Балд
2025-10-23 19:01:32,315 - __main__ - INFO - Response keys: dict_keys(['applies'])
2025-10-23 19:01:32,315 - __main__ - INFO - Получено откликов с деталями: 20
2025-10-23 19:01:32,320 - __main__ - INFO - Сохранено в БД: 20 откликов
2025-10-23 19:01:32,320 - werkzeug - INFO - 127.0.0.1 - - [23/Oct/2025 19:01:32] "POST /api/applications/details HTTP/1.1" 200 -
2025-10-23 19:01:32,378 - __main__ - INFO - === get_applications_details: 20 IDs ===
2025-10-23 19:01:32,379 - __main__ - INFO - Запрос деталей для 20 откликов
2025-10-23 19:01:32,428 - urllib3.connectionpool - DEBUG - https://api.avito.ru:443 "POST /job/v1/applications/get_by_ids HTTP/1.1" 200 None
2025-10-23 19:01:32,428 - __main__ - INFO - Response status: 200
2025-10-23 19:01:32,429 - __main__ - INFO - Response text: {"applies":[{"applicant":{"data":{"birthday":"1996-05-22","citizenship":"Россия","gender":"Мужской","name":"Жорин денис"},"id":"216713051","resume_id":"7672095273"},"contacts":{"chat":{"value":"u2i-aWbRpdJdDWhGZi3NVdtkVg"},"phones":[{"status":null,"value":"79277593861"}]},"created_at":"2025-10-19T22:36:00.91983+03:00","employee_id":null,"enriched_properties":{"age":{"matching_status":"matched","value":29},"citizenship":{"matching_status":"no_criteria","value":"rus"},"full_name":{"matching_status
2025-10-23 19:01:32,429 - __main__ - INFO - Response keys: dict_keys(['applies'])
2025-10-23 19:01:32,430 - __main__ - INFO - Получено откликов с деталями: 20
2025-10-23 19:01:32,435 - __main__ - INFO - Сохранено в БД: 20 откликов
2025-10-23 19:01:32,436 - werkzeug - INFO - 127.0.0.1 - - [23/Oct/2025 19:01:32] "POST /api/applications/details HTTP/1.1" 200 -
2025-10-23 19:01:32,633 - __main__ - INFO - === get_applications_details: 20 IDs ===
2025-10-23 19:01:32,633 - __main__ - INFO - Запрос деталей для 20 откликов
2025-10-23 19:01:32,636 - werkzeug - INFO - 127.0.0.1 - - [23/Oct/2025 19:01:32] "GET /socket.io/?EIO=4&transport=websocket&sid=KBrTQKB-SOrNKSUGAAAA HTTP/1.1" 200 -
2025-10-23 19:01:32,684 - urllib3.connectionpool - DEBUG - https://api.avito.ru:443 "POST /job/v1/applications/get_by_ids HTTP/1.1" 200 None
2025-10-23 19:01:32,685 - __main__ - INFO - Response status: 200
2025-10-23 19:01:32,685 - __main__ - INFO - Response text: {"applies":[{"applicant":{"data":{"birthday":"1975-10-25","citizenship":"Россия","education":"Среднее специальное","gender":"Мужской","name":"Суртаев Денис Владимирович"},"id":"352134602","resume_id":"3783867266"},"contacts":{"chat":{"value":"u2i-eUUKlIz3sjG1NqVB5VTn3w"},"phones":[{"status":null,"value":"79236618534"}]},"created_at":"2025-10-15T17:14:50.184461+03:00","employee_id":null,"enriched_properties":{"age":{"matching_status":"mismatched","value":49},"citizenship":{"matching_status":"no_c
2025-10-23 19:01:32,685 - __main__ - INFO - Response keys: dict_keys(['applies'])
2025-10-23 19:01:32,686 - __main__ - INFO - Получено откликов с деталями: 20
2025-10-23 19:01:32,691 - __main__ - INFO - Сохранено в БД: 20 откликов
2025-10-23 19:01:32,692 - werkzeug - INFO - 127.0.0.1 - - [23/Oct/2025 19:01:32] "POST /api/applications/details HTTP/1.1" 200 -
2025-10-23 19:01:32,748 - werkzeug - INFO - 127.0.0.1 - - [23/Oct/2025 19:01:32] "GET / HTTP/1.1" 200 -
2025-10-23 19:01:32,948 - werkzeug - INFO - 127.0.0.1 - - [23/Oct/2025 19:01:32] "GET /socket.io/?EIO=4&transport=polling&t=PeHpT9W HTTP/1.1" 200 -
2025-10-23 19:01:33,057 - urllib3.connectionpool - DEBUG - https://api.avito.ru:443 "GET /core/v1/accounts/316615541/balance/ HTTP/1.1" 200 25
2025-10-23 19:01:33,058 - werkzeug - INFO - 127.0.0.1 - - [23/Oct/2025 19:01:33] "GET /api/balance HTTP/1.1" 200 -
2025-10-23 19:01:33,060 - __main__ - INFO - === get_job_applications: days=7, limit=100 ===
2025-10-23 19:01:33,061 - __main__ - INFO - Запрос откликов с датой: 2025-10-16
2025-10-23 19:01:33,108 - urllib3.connectionpool - DEBUG - https://api.avito.ru:443 "GET /job/v1/applications/get_ids?limit=100&updatedAtFrom=2025-10-16 HTTP/1.1" 200 None
2025-10-23 19:01:33,109 - __main__ - INFO - Response type: <class 'requests.models.Response'>
2025-10-23 19:01:33,110 - __main__ - INFO - Status code: 200
2025-10-23 19:01:33,110 - __main__ - INFO - Response text: {"applies":[{"created_at":"2025-10-23T16:18:17.701491+03:00","id":"68fa2b1a57335926a7446657","updated_at":"2025-10-23T13:38:12Z"},{"created_at":"2025-10-23T10:54:13.201817+03:00","id":"68f9df2557335926a7ea82e3","updated_at":"2025-10-23T10:31:58Z"},{"created_at":"2025-10-23T10:16:09.808908+03:00","id":"68f9d63a57335926a7a63d00","updated_at":"2025-10-23T09:25:44Z"},{"created_at":"2025-10-22T23:04:26.619384+03:00","id":"68f938cc57335926a7acbcbb","updated_at":"2025-10-23T09:39:45Z"},{"created_at":"2
2025-10-23 19:01:33,110 - __main__ - INFO - Response JSON keys: dict_keys(['applies'])
2025-10-23 19:01:33,110 - __main__ - INFO - Найдено откликов: 100
2025-10-23 19:01:33,111 - __main__ - INFO - IDs откликов: ['68fa2b1a57335926a7446657', '68f9df2557335926a7ea82e3', '68f9d63a57335926a7a63d00', '68f938cc57335926a7acbcbb', '68f91f7957335926a725811e']...
2025-10-23 19:01:33,111 - werkzeug - INFO - 127.0.0.1 - - [23/Oct/2025 19:01:33] "GET /api/applications?days=7&limit=100 HTTP/1.1" 200 -
2025-10-23 19:01:33,116 - __main__ - INFO - === get_all_job_applications: days=30 ===
2025-10-23 19:01:33,116 - __main__ - INFO - Запрос ВСЕХ откликов с датой: 2025-09-23
2025-10-23 19:01:33,117 - __main__ - INFO - --- Страница 1 ---
2025-10-23 19:01:33,117 - __main__ - INFO - Запрос первой страницы откликов...
2025-10-23 19:01:33,117 - werkzeug - INFO - 127.0.0.1 - - [23/Oct/2025 19:01:33] "GET /api/auto-reply/status HTTP/1.1" 200 -
2025-10-23 19:01:33,162 - urllib3.connectionpool - DEBUG - https://api.avito.ru:443 "GET /job/v1/applications/get_ids?limit=100&updatedAtFrom=2025-09-23 HTTP/1.1" 200 None
2025-10-23 19:01:33,164 - __main__ - INFO - Response status: 200
2025-10-23 19:01:33,164 - __main__ - INFO - Получено откликов на странице: 100
2025-10-23 19:01:33,164 - __main__ - INFO - Всего откликов собрано: 100
2025-10-23 19:01:33,164 - __main__ - INFO - ID последнего отклика для cursor: 68f71fbc57335926a770...
2025-10-23 19:01:33,165 - __main__ - INFO - --- Страница 2 ---
2025-10-23 19:01:33,165 - __main__ - INFO - Запрос с cursor: 68f71fbc57335926a770...
2025-10-23 19:01:33,211 - urllib3.connectionpool - DEBUG - https://api.avito.ru:443 "GET /job/v1/applications/get_ids?limit=100&updatedAtFrom=2025-09-23&cursor=68f71fbc57335926a770e46e HTTP/1.1" 200 None
2025-10-23 19:01:33,212 - __main__ - INFO - Response status: 200
2025-10-23 19:01:33,212 - __main__ - INFO - Получено откликов на странице: 100
2025-10-23 19:01:33,213 - __main__ - INFO - Всего откликов собрано: 200
2025-10-23 19:01:33,213 - __main__ - INFO - ID последнего отклика для cursor: 68f58fad57335926a76d...
2025-10-23 19:01:33,214 - __main__ - INFO - --- Страница 3 ---
2025-10-23 19:01:33,214 - __main__ - INFO - Запрос с cursor: 68f58fad57335926a76d...
2025-10-23 19:01:33,263 - urllib3.connectionpool - DEBUG - https://api.avito.ru:443 "GET /job/v1/applications/get_ids?limit=100&updatedAtFrom=2025-09-23&cursor=68f58fad57335926a76da0f3 HTTP/1.1" 200 None
2025-10-23 19:01:33,263 - __main__ - INFO - === api_chat_metrics ===
2025-10-23 19:01:33,265 - __main__ - INFO - Получение всех чатов через пагинацию...
2025-10-23 19:01:33,265 - __main__ - INFO - Response status: 200
2025-10-23 19:01:33,266 - __main__ - INFO - Получено откликов на странице: 100
2025-10-23 19:01:33,267 - __main__ - INFO - Всего откликов собрано: 300
2025-10-23 19:01:33,267 - __main__ - INFO - ID последнего отклика для cursor: 68ef891d57335926a7ed...
2025-10-23 19:01:33,268 - __main__ - INFO - --- Страница 4 ---
2025-10-23 19:01:33,269 - __main__ - INFO - Запрос с cursor: 68ef891d57335926a7ed...
2025-10-23 19:01:33,295 - urllib3.connectionpool - DEBUG - https://api.avito.ru:443 "GET /messenger/v2/accounts/316615541/chats?limit=100&offset=0 HTTP/1.1" 200 None
2025-10-23 19:01:33,314 - urllib3.connectionpool - DEBUG - https://api.avito.ru:443 "GET /job/v1/applications/get_ids?limit=100&updatedAtFrom=2025-09-23&cursor=68ef891d57335926a7ed1206 HTTP/1.1" 200 None
2025-10-23 19:01:33,315 - __main__ - INFO - Response status: 200
2025-10-23 19:01:33,316 - __main__ - INFO - Получено откликов на странице: 100
2025-10-23 19:01:33,316 - __main__ - INFO - Всего откликов собрано: 400
2025-10-23 19:01:33,316 - __main__ - INFO - ID последнего отклика для cursor: 68ee40e557335926a7bf...
2025-10-23 19:01:33,317 - __main__ - INFO - --- Страница 5 ---
2025-10-23 19:01:33,317 - __main__ - INFO - Запрос с cursor: 68ee40e557335926a7bf...
2025-10-23 19:01:33,362 - urllib3.connectionpool - DEBUG - https://api.avito.ru:443 "GET /job/v1/applications/get_ids?limit=100&updatedAtFrom=2025-09-23&cursor=68ee40e557335926a7bf3f69 HTTP/1.1" 200 None
2025-10-23 19:01:33,363 - __main__ - INFO - Response status: 200
2025-10-23 19:01:33,364 - __main__ - INFO - Получено откликов на странице: 100
2025-10-23 19:01:33,365 - __main__ - INFO - Всего откликов собрано: 500
2025-10-23 19:01:33,365 - __main__ - INFO - ID последнего отклика для cursor: 68e7bde72c1693c1b640...
2025-10-23 19:01:33,367 - werkzeug - INFO - 127.0.0.1 - - [23/Oct/2025 19:01:33] "POST /socket.io/?EIO=4&transport=polling&t=PeHpTCO&sid=-ybb0sZkWUg0fABdAAAC HTTP/1.1" 200 -
2025-10-23 19:01:33,367 - __main__ - INFO - --- Страница 6 ---
2025-10-23 19:01:33,368 - __main__ - INFO - Запрос с cursor: 68e7bde72c1693c1b640...
2025-10-23 19:01:33,411 - urllib3.connectionpool - DEBUG - https://api.avito.ru:443 "GET /job/v1/applications/get_ids?limit=100&updatedAtFrom=2025-09-23&cursor=68e7bde72c1693c1b6401454 HTTP/1.1" 200 None
2025-10-23 19:01:33,413 - __main__ - INFO - Response status: 200
2025-10-23 19:01:33,413 - __main__ - INFO - Получено откликов на странице: 100
2025-10-23 19:01:33,414 - __main__ - INFO - Всего откликов собрано: 600
2025-10-23 19:01:33,414 - __main__ - INFO - ID последнего отклика для cursor: 68df7b182c1693c1b6e9...
2025-10-23 19:01:33,414 - __main__ - INFO - --- Страница 7 ---
2025-10-23 19:01:33,414 - __main__ - INFO - Запрос с cursor: 68df7b182c1693c1b6e9...
2025-10-23 19:01:33,432 - werkzeug - INFO - 127.0.0.1 - - [23/Oct/2025 19:01:33] "GET /socket.io/?EIO=4&transport=polling&t=PeHpTCO.0&sid=-ybb0sZkWUg0fABdAAAC HTTP/1.1" 200 -
2025-10-23 19:01:33,434 - werkzeug - INFO - 127.0.0.1 - - [23/Oct/2025 19:01:33] "GET /api/auto-reply/status HTTP/1.1" 200 -
2025-10-23 19:01:33,445 - urllib3.connectionpool - DEBUG - https://api.avito.ru:443 "GET /messenger/v2/accounts/316615541/chats?limit=100&offset=0 HTTP/1.1" 200 None
2025-10-23 19:01:33,452 - urllib3.connectionpool - DEBUG - https://api.avito.ru:443 "GET /job/v1/applications/get_ids?limit=100&updatedAtFrom=2025-09-23&cursor=68df7b182c1693c1b6e97d21 HTTP/1.1" 200 None
2025-10-23 19:01:33,453 - __main__ - INFO - Response status: 200
2025-10-23 19:01:33,454 - __main__ - INFO - Получено откликов на странице: 46
2025-10-23 19:01:33,454 - __main__ - INFO - Всего откликов собрано: 646
2025-10-23 19:01:33,454 - __main__ - INFO - ID последнего отклика для cursor: 68b5a4b31deb3bab0fde...
2025-10-23 19:01:33,455 - __main__ - INFO - Получено меньше лимита (46 < 100), последняя страница
2025-10-23 19:01:33,455 - __main__ - INFO - === ИТОГО: Получено 646 откликов за 7 страниц ===
2025-10-23 19:01:33,455 - __main__ - INFO - ✅ Все 646 ID уникальны - дубликатов нет
2025-10-23 19:01:33,457 - werkzeug - INFO - 127.0.0.1 - - [23/Oct/2025 19:01:33] "GET /api/applications/all?days=30 HTTP/1.1" 200 -
2025-10-23 19:01:33,526 - urllib3.connectionpool - DEBUG - https://api.avito.ru:443 "GET /messenger/v2/accounts/316615541/chats?limit=100&offset=100 HTTP/1.1" 200 None
2025-10-23 19:01:33,655 - urllib3.connectionpool - DEBUG - https://api.avito.ru:443 "GET /messenger/v2/accounts/316615541/chats?limit=100&offset=100 HTTP/1.1" 200 None
2025-10-23 19:01:33,735 - urllib3.connectionpool - DEBUG - https://api.avito.ru:443 "GET /messenger/v2/accounts/316615541/chats?limit=100&offset=200 HTTP/1.1" 200 None
2025-10-23 19:01:33,765 - __main__ - INFO - === get_applications_details: 20 IDs ===
2025-10-23 19:01:33,765 - __main__ - INFO - Запрос деталей для 20 откликов
2025-10-23 19:01:33,820 - urllib3.connectionpool - DEBUG - https://api.avito.ru:443 "POST /job/v1/applications/get_by_ids HTTP/1.1" 200 None
2025-10-23 19:01:33,821 - __main__ - INFO - Response status: 200
2025-10-23 19:01:33,821 - __main__ - INFO - Response text: {"applies":[{"applicant":{"data":{"birthday":"2001-06-10","citizenship":"Россия","gender":"Мужской","name":"Потапов Антон Сергеевич"},"id":"403574381","resume_id":"7434870869"},"contacts":{"chat":{"value":"u2i-XWQVOBCC3k5cq~2CruL9ow"},"phones":[{"status":null,"value":"79016546327"}]},"created_at":"2025-10-22T10:53:59.659173+03:00","employee_id":null,"enriched_properties":{"age":{"matching_status":"matched","value":24},"citizenship":{"matching_status":"no_criteria","value":"rus"},"full_name":{"ma
2025-10-23 19:01:33,822 - __main__ - INFO - Response keys: dict_keys(['applies'])
2025-10-23 19:01:33,822 - __main__ - INFO - Получено откликов с деталями: 20
2025-10-23 19:01:33,827 - __main__ - INFO - Сохранено в БД: 20 откликов
2025-10-23 19:01:33,828 - werkzeug - INFO - 127.0.0.1 - - [23/Oct/2025 19:01:33] "POST /api/applications/details HTTP/1.1" 200 -
2025-10-23 19:01:33,845 - urllib3.connectionpool - DEBUG - https://api.avito.ru:443 "GET /messenger/v2/accounts/316615541/chats?limit=100&offset=200 HTTP/1.1" 200 None
2025-10-23 19:01:33,927 - urllib3.connectionpool - DEBUG - https://api.avito.ru:443 "GET /messenger/v2/accounts/316615541/chats?limit=100&offset=300 HTTP/1.1" 200 None
2025-10-23 19:01:34,043 - urllib3.connectionpool - DEBUG - https://api.avito.ru:443 "GET /messenger/v2/accounts/316615541/chats?limit=100&offset=300 HTTP/1.1" 200 None
2025-10-23 19:01:34,139 - urllib3.connectionpool - DEBUG - https://api.avito.ru:443 "GET /messenger/v2/accounts/316615541/chats?limit=100&offset=400 HTTP/1.1" 200 None
2025-10-23 19:01:34,148 - __main__ - INFO - === get_applications_details: 20 IDs ===
2025-10-23 19:01:34,149 - __main__ - INFO - Запрос деталей для 20 откликов
2025-10-23 19:01:34,203 - urllib3.connectionpool - DEBUG - https://api.avito.ru:443 "POST /job/v1/applications/get_by_ids HTTP/1.1" 200 None
2025-10-23 19:01:34,204 - __main__ - INFO - Response status: 200
2025-10-23 19:01:34,204 - __main__ - INFO - Response text: {"applies":[{"applicant":{"data":{"birthday":"1985-03-28","citizenship":"Россия","gender":"Мужской","name":"Мусин Ринат"},"id":"399421728","resume_id":"7453730545"},"contacts":{"chat":{"value":"u2i-Vk1Tq3un9oNp4W9BMXXp0g"},"phones":[{"status":null,"value":"79208771328"}]},"created_at":"2025-10-22T07:54:01.981028+03:00","employee_id":null,"enriched_properties":{"age":{"matching_status":"mismatched","value":40},"citizenship":{"matching_status":"no_criteria","value":"rus"},"full_name":{"matching_st
2025-10-23 19:01:34,205 - __main__ - INFO - Response keys: dict_keys(['applies'])
2025-10-23 19:01:34,205 - __main__ - INFO - Получено откликов с деталями: 20
2025-10-23 19:01:34,214 - __main__ - INFO - Сохранено в БД: 20 откликов
2025-10-23 19:01:34,215 - werkzeug - INFO - 127.0.0.1 - - [23/Oct/2025 19:01:34] "POST /api/applications/details HTTP/1.1" 200 -
2025-10-23 19:01:34,241 - urllib3.connectionpool - DEBUG - https://api.avito.ru:443 "GET /messenger/v2/accounts/316615541/chats?limit=100&offset=400 HTTP/1.1" 200 None
2025-10-23 19:01:34,347 - urllib3.connectionpool - DEBUG - https://api.avito.ru:443 "GET /messenger/v2/accounts/316615541/chats?limit=100&offset=500 HTTP/1.1" 200 None
2025-10-23 19:01:34,432 - urllib3.connectionpool - DEBUG - https://api.avito.ru:443 "GET /messenger/v2/accounts/316615541/chats?limit=100&offset=500 HTTP/1.1" 200 None
2025-10-23 19:01:34,530 - __main__ - INFO - === get_applications_details: 20 IDs ===
2025-10-23 19:01:34,530 - __main__ - INFO - Запрос деталей для 20 откликов
2025-10-23 19:01:34,532 - urllib3.connectionpool - DEBUG - https://api.avito.ru:443 "GET /messenger/v2/accounts/316615541/chats?limit=100&offset=600 HTTP/1.1" 200 None
2025-10-23 19:01:34,638 - urllib3.connectionpool - DEBUG - https://api.avito.ru:443 "GET /messenger/v2/accounts/316615541/chats?limit=100&offset=600 HTTP/1.1" 200 None
2025-10-23 19:01:34,647 - urllib3.connectionpool - DEBUG - https://api.avito.ru:443 "POST /job/v1/applications/get_by_ids HTTP/1.1" 200 None
2025-10-23 19:01:34,648 - __main__ - INFO - Response status: 200
2025-10-23 19:01:34,648 - __main__ - INFO - Response text: {"applies":[{"applicant":{"data":{"birthday":"1996-07-18","citizenship":"Россия","education":"Среднее специальное","gender":"Мужской","name":"Сияшин Евгений Юрьевич"},"id":"65092615","resume_id":"4485064429"},"contacts":{"chat":{"value":"u2i-WpjryXkT7HQulnUR_XnhiA"},"phones":[{"status":null,"value":"79526392653"}]},"created_at":"2025-10-22T05:20:51.417179+03:00","employee_id":null,"enriched_properties":{"age":{"matching_status":"matched","value":29},"citizenship":{"matching_status":"no_criteria"
2025-10-23 19:01:34,649 - __main__ - INFO - Response keys: dict_keys(['applies'])
2025-10-23 19:01:34,649 - __main__ - INFO - Получено откликов с деталями: 20
2025-10-23 19:01:34,654 - __main__ - INFO - Сохранено в БД: 20 откликов
2025-10-23 19:01:34,655 - werkzeug - INFO - 127.0.0.1 - - [23/Oct/2025 19:01:34] "POST /api/applications/details HTTP/1.1" 200 -
2025-10-23 19:01:34,702 - urllib3.connectionpool - DEBUG - https://api.avito.ru:443 "GET /messenger/v2/accounts/316615541/chats?limit=100&offset=700 HTTP/1.1" 200 None
2025-10-23 19:01:34,897 - urllib3.connectionpool - DEBUG - https://api.avito.ru:443 "GET /messenger/v2/accounts/316615541/chats?limit=100&offset=800 HTTP/1.1" 200 None
2025-10-23 19:01:34,965 - __main__ - INFO - === get_applications_details: 20 IDs ===
2025-10-23 19:01:34,966 - __main__ - INFO - Запрос деталей для 20 откликов
2025-10-23 19:01:35,027 - urllib3.connectionpool - DEBUG - https://api.avito.ru:443 "POST /job/v1/applications/get_by_ids HTTP/1.1" 200 None
2025-10-23 19:01:35,027 - __main__ - INFO - Response status: 200
2025-10-23 19:01:35,028 - __main__ - INFO - Response text: {"applies":[{"applicant":{"data":{"birthday":"1990-09-27","citizenship":"rus","name":"Драгунов Евгений Павлович"},"id":"143072287"},"contacts":{"chat":{"value":"u2i-AN8VlA0IjgWCMpzD4xdC0w"},"phones":[{"status":null,"value":"79531029340"}]},"created_at":"2025-10-21T10:06:12.637712+03:00","employee_id":null,"enriched_properties":{"age":{"matching_status":"mismatched","value":35},"citizenship":{"matching_status":"no_criteria","value":"rus"},"full_name":{"matching_status":"no_criteria","value":"Драг
2025-10-23 19:01:35,029 - __main__ - INFO - Response keys: dict_keys(['applies'])
2025-10-23 19:01:35,030 - __main__ - INFO - Получено откликов с деталями: 20
2025-10-23 19:01:35,035 - __main__ - INFO - Сохранено в БД: 20 откликов
2025-10-23 19:01:35,036 - werkzeug - INFO - 127.0.0.1 - - [23/Oct/2025 19:01:35] "POST /api/applications/details HTTP/1.1" 200 -
2025-10-23 19:01:35,071 - urllib3.connectionpool - DEBUG - https://api.avito.ru:443 "GET /messenger/v2/accounts/316615541/chats?limit=100&offset=900 HTTP/1.1" 200 None
2025-10-23 19:01:35,155 - urllib3.connectionpool - DEBUG - https://api.avito.ru:443 "GET /messenger/v2/accounts/316615541/chats?limit=100&offset=700 HTTP/1.1" 200 None
2025-10-23 19:01:35,266 - urllib3.connectionpool - DEBUG - https://api.avito.ru:443 "GET /messenger/v2/accounts/316615541/chats?limit=100&offset=1000 HTTP/1.1" 200 None
2025-10-23 19:01:35,343 - werkzeug - INFO - 127.0.0.1 - - [23/Oct/2025 19:01:35] "GET /api/chats/all HTTP/1.1" 200 -
2025-10-23 19:01:35,344 - urllib3.connectionpool - DEBUG - https://api.avito.ru:443 "GET /messenger/v2/accounts/316615541/chats?limit=100&offset=800 HTTP/1.1" 200 None
2025-10-23 19:01:35,347 - __main__ - INFO - === get_applications_details: 20 IDs ===
2025-10-23 19:01:35,347 - __main__ - INFO - Запрос деталей для 20 откликов
2025-10-23 19:01:35,407 - urllib3.connectionpool - DEBUG - https://api.avito.ru:443 "POST /job/v1/applications/get_by_ids HTTP/1.1" 200 None
2025-10-23 19:01:35,408 - __main__ - INFO - Response status: 200
2025-10-23 19:01:35,408 - __main__ - INFO - Response text: {"applies":[{"applicant":{"data":{"birthday":"1997-03-15","citizenship":"rus","name":"Хамроев Амир Негматович"},"id":"303638237"},"contacts":{"chat":{"value":"u2i-M6UHQrNKj_uu7J1bCP0wBg"},"phones":[{"status":null,"value":"79120879902"}]},"created_at":"2025-10-21T08:52:59.571933+03:00","employee_id":null,"enriched_properties":{"age":{"matching_status":"matched","value":28},"citizenship":{"matching_status":"no_criteria","value":"rus"},"full_name":{"matching_status":"no_criteria","value":"Хамроев А
2025-10-23 19:01:35,409 - __main__ - INFO - Response keys: dict_keys(['applies'])
2025-10-23 19:01:35,409 - __main__ - INFO - Получено откликов с деталями: 20
2025-10-23 19:01:35,424 - __main__ - INFO - Сохранено в БД: 20 откликов
2025-10-23 19:01:35,426 - werkzeug - INFO - 127.0.0.1 - - [23/Oct/2025 19:01:35] "POST /api/applications/details HTTP/1.1" 200 -
2025-10-23 19:01:35,526 - urllib3.connectionpool - DEBUG - https://api.avito.ru:443 "GET /messenger/v2/accounts/316615541/chats?limit=100&offset=900 HTTP/1.1" 200 None
2025-10-23 19:01:35,707 - urllib3.connectionpool - DEBUG - https://api.avito.ru:443 "GET /messenger/v2/accounts/316615541/chats?limit=100&offset=1000 HTTP/1.1" 200 None
2025-10-23 19:01:35,739 - __main__ - INFO - Получено чатов для анализа: 1100
2025-10-23 19:01:35,741 - __main__ - INFO - Метрики: {'wrote_read_no_reply': 499, 'wrote_unread': 483, 'not_wrote': 0, 'waiting_reply': 83, 'auto_reply_sent': 35}
2025-10-23 19:01:35,746 - werkzeug - INFO - 127.0.0.1 - - [23/Oct/2025 19:01:35] "GET /api/chats/metrics HTTP/1.1" 200 -
2025-10-23 19:01:35,812 - __main__ - INFO - === get_applications_details: 20 IDs ===
2025-10-23 19:01:35,812 - __main__ - INFO - Запрос деталей для 20 откликов
2025-10-23 19:01:35,867 - urllib3.connectionpool - DEBUG - https://api.avito.ru:443 "POST /job/v1/applications/get_by_ids HTTP/1.1" 200 None
2025-10-23 19:01:35,867 - __main__ - INFO - Response status: 200
2025-10-23 19:01:35,868 - __main__ - INFO - Response text: {"applies":[{"applicant":{"data":{"birthday":"1982-03-07","citizenship":"Россия","gender":"Мужской","name":"Петров Алексей Дмитриевич"},"id":"385867173","resume_id":"7714376182"},"contacts":{"chat":{"value":"u2i-oyQtU3yQUCo4GCDg_PvC7g"},"phones":[{"status":null,"value":"79245975785"}]},"created_at":"2025-10-21T08:00:57.23191+03:00","employee_id":null,"enriched_properties":{"age":{"matching_status":"mismatched","value":43},"citizenship":{"matching_status":"no_criteria","value":"rus"},"full_name":
2025-10-23 19:01:35,868 - __main__ - INFO - Response keys: dict_keys(['applies'])
2025-10-23 19:01:35,868 - __main__ - INFO - Получено откликов с деталями: 20
2025-10-23 19:01:35,873 - __main__ - INFO - Сохранено в БД: 20 откликов
2025-10-23 19:01:35,874 - werkzeug - INFO - 127.0.0.1 - - [23/Oct/2025 19:01:35] "POST /api/applications/details HTTP/1.1" 200 -
2025-10-23 19:01:36,182 - __main__ - INFO - === get_applications_details: 20 IDs ===
2025-10-23 19:01:36,183 - __main__ - INFO - Запрос деталей для 20 откликов
2025-10-23 19:01:36,236 - urllib3.connectionpool - DEBUG - https://api.avito.ru:443 "POST /job/v1/applications/get_by_ids HTTP/1.1" 200 None
2025-10-23 19:01:36,237 - __main__ - INFO - Response status: 200
2025-10-23 19:01:36,237 - __main__ - INFO - Response text: {"applies":[{"applicant":{"data":{"birthday":"1974-01-19","citizenship":"Россия","education":"Среднее","gender":"Мужской","name":"Кокан Андрей Сергеевич"},"id":"172246966","resume_id":"4724045414"},"contacts":{"chat":{"value":"u2i-q~xhSyAdrRq8Qe0~1xLfWg"},"phones":[{"status":null,"value":"79612417981"}]},"created_at":"2025-10-20T07:45:12.494962+03:00","employee_id":null,"enriched_properties":{"age":{"matching_status":"mismatched","value":51},"citizenship":{"matching_status":"no_criteria","value"
2025-10-23 19:01:36,238 - __main__ - INFO - Response keys: dict_keys(['applies'])
2025-10-23 19:01:36,238 - __main__ - INFO - Получено откликов с деталями: 20
2025-10-23 19:01:36,244 - __main__ - INFO - Сохранено в БД: 20 откликов
2025-10-23 19:01:36,246 - werkzeug - INFO - 127.0.0.1 - - [23/Oct/2025 19:01:36] "POST /api/applications/details HTTP/1.1" 200 -
2025-10-23 19:01:36,448 - __main__ - INFO - === get_applications_details: 20 IDs ===
2025-10-23 19:01:36,448 - __main__ - INFO - Запрос деталей для 20 откликов
2025-10-23 19:01:36,503 - urllib3.connectionpool - DEBUG - https://api.avito.ru:443 "POST /job/v1/applications/get_by_ids HTTP/1.1" 200 None
2025-10-23 19:01:36,504 - __main__ - INFO - Response status: 200
2025-10-23 19:01:36,504 - __main__ - INFO - Response text: {"applies":[{"applicant":{"data":{"birthday":"1971-04-11","citizenship":"Россия","education":"Среднее","gender":"Мужской","name":"Чеботару Олег Ильич"},"id":"82028053","resume_id":"7666316040"},"contacts":{"chat":{"value":"u2i-yQ7SrngtKlALeqQyVezxbg"},"phones":[{"status":null,"value":"79088864111"}]},"created_at":"2025-10-20T06:59:15.04454+03:00","employee_id":null,"enriched_properties":{"age":{"matching_status":"mismatched","value":54},"citizenship":{"matching_status":"no_criteria","value":"rus
2025-10-23 19:01:36,505 - __main__ - INFO - Response keys: dict_keys(['applies'])
2025-10-23 19:01:36,505 - __main__ - INFO - Получено откликов с деталями: 20
2025-10-23 19:01:36,510 - __main__ - INFO - Сохранено в БД: 20 откликов
2025-10-23 19:01:36,511 - werkzeug - INFO - 127.0.0.1 - - [23/Oct/2025 19:01:36] "POST /api/applications/details HTTP/1.1" 200 -
2025-10-23 19:01:36,565 - __main__ - INFO - === get_applications_details: 20 IDs ===
2025-10-23 19:01:36,565 - __main__ - INFO - Запрос деталей для 20 откликов
2025-10-23 19:01:36,618 - urllib3.connectionpool - DEBUG - https://api.avito.ru:443 "POST /job/v1/applications/get_by_ids HTTP/1.1" 200 None
2025-10-23 19:01:36,618 - __main__ - INFO - Response status: 200
2025-10-23 19:01:36,619 - __main__ - INFO - Response text: {"applies":[{"applicant":{"data":{"birthday":"2004-07-30","citizenship":"rus","name":"Якимов Юрий Витальевич"},"id":"181643029"},"contacts":{"chat":{"value":"u2i-ubi1m1M4W_jdEE6PEQ3l2w"},"phones":[{"status":null,"value":"79991749676"}]},"created_at":"2025-10-20T05:58:20.233083+03:00","employee_id":null,"enriched_properties":{"age":{"matching_status":"matched","value":21},"citizenship":{"matching_status":"no_criteria","value":"rus"},"full_name":{"matching_status":"no_criteria","value":"Якимов Юри
2025-10-23 19:01:36,619 - __main__ - INFO - Response keys: dict_keys(['applies'])
2025-10-23 19:01:36,619 - __main__ - INFO - Получено откликов с деталями: 20
2025-10-23 19:01:36,625 - __main__ - INFO - Сохранено в БД: 20 откликов
2025-10-23 19:01:36,626 - werkzeug - INFO - 127.0.0.1 - - [23/Oct/2025 19:01:36] "POST /api/applications/details HTTP/1.1" 200 -
2025-10-23 19:01:36,832 - __main__ - INFO - === get_applications_details: 20 IDs ===
2025-10-23 19:01:36,832 - __main__ - INFO - Запрос деталей для 20 откликов
2025-10-23 19:01:36,885 - urllib3.connectionpool - DEBUG - https://api.avito.ru:443 "POST /job/v1/applications/get_by_ids HTTP/1.1" 200 None
2025-10-23 19:01:36,886 - __main__ - INFO - Response status: 200
2025-10-23 19:01:36,886 - __main__ - INFO - Response text: {"applies":[{"applicant":{"data":{"name":"Стрежнев Михаил сергеевич"},"id":"358176879"},"contacts":{"chat":{"value":"u2i-z~U0lIVcHcIqdhLWquhmzQ"},"phones":[{"status":null,"value":"79089091181"}]},"created_at":"2025-10-20T04:26:04.075498+03:00","employee_id":null,"enriched_properties":null,"id":"68f58fad57335926a76da0f3","is_viewed":true,"negotiation_id":950309723,"price":{"bonus":0,"real":6100,"total":6100},"type":"by_chat","updated_at":"2025-10-20T01:26:26Z","vacancy_id":7666536478},{"applicant
2025-10-23 19:01:36,887 - __main__ - INFO - Response keys: dict_keys(['applies'])
2025-10-23 19:01:36,887 - __main__ - INFO - Получено откликов с деталями: 20
2025-10-23 19:01:36,896 - __main__ - INFO - Сохранено в БД: 20 откликов
2025-10-23 19:01:36,897 - werkzeug - INFO - 127.0.0.1 - - [23/Oct/2025 19:01:36] "POST /api/applications/details HTTP/1.1" 200 -
2025-10-23 19:01:36,931 - __main__ - INFO - === get_applications_details: 20 IDs ===
2025-10-23 19:01:36,932 - __main__ - INFO - Запрос деталей для 20 откликов
2025-10-23 19:01:36,985 - urllib3.connectionpool - DEBUG - https://api.avito.ru:443 "POST /job/v1/applications/get_by_ids HTTP/1.1" 200 None
2025-10-23 19:01:36,985 - __main__ - INFO - Response status: 200
2025-10-23 19:01:36,986 - __main__ - INFO - Response text: {"applies":[{"applicant":{"data":{"birthday":"2006-10-06","citizenship":"Россия","education":"Незаконченное высшее","gender":"Женский","name":"Хасанова Алсу Флоритовна"},"id":"363600777","resume_id":"3783347123"},"contacts":{"chat":{"value":"u2i-uTqKgEvMwutoIZ8_KczNkw"},"phones":[{"status":null,"value":"79631389118"}]},"created_at":"2025-10-20T02:07:33.699538+03:00","employee_id":null,"enriched_properties":{"age":{"matching_status":"matched","value":19},"citizenship":{"matching_status":"no_crite
2025-10-23 19:01:36,986 - __main__ - INFO - Response keys: dict_keys(['applies'])
2025-10-23 19:01:36,986 - __main__ - INFO - Получено откликов с деталями: 20
2025-10-23 19:01:36,991 - __main__ - INFO - Сохранено в БД: 20 откликов
2025-10-23 19:01:36,992 - werkzeug - INFO - 127.0.0.1 - - [23/Oct/2025 19:01:36] "POST /api/applications/details HTTP/1.1" 200 -
2025-10-23 19:01:37,215 - __main__ - INFO - === get_applications_details: 20 IDs ===
2025-10-23 19:01:37,215 - __main__ - INFO - Запрос деталей для 20 откликов
2025-10-23 19:01:37,267 - urllib3.connectionpool - DEBUG - https://api.avito.ru:443 "POST /job/v1/applications/get_by_ids HTTP/1.1" 200 None
2025-10-23 19:01:37,267 - __main__ - INFO - Response status: 200
2025-10-23 19:01:37,268 - __main__ - INFO - Response text: {"applies":[{"applicant":{"data":{"birthday":"1985-07-14","citizenship":"rus","name":"Балданов Чингис Дондокович"},"id":"42395410"},"contacts":{"chat":{"value":"u2i-JR0MXskgWa9Bi7Z0g7WOxg"},"phones":[{"status":null,"value":"79996039022"}]},"created_at":"2025-10-19T23:34:49.527103+03:00","employee_id":null,"enriched_properties":{"age":{"matching_status":"mismatched","value":40},"citizenship":{"matching_status":"no_criteria","value":"rus"},"full_name":{"matching_status":"no_criteria","value":"Балд
2025-10-23 19:01:37,268 - __main__ - INFO - Response keys: dict_keys(['applies'])
2025-10-23 19:01:37,269 - __main__ - INFO - Получено откликов с деталями: 20
2025-10-23 19:01:37,278 - __main__ - INFO - Сохранено в БД: 20 откликов
2025-10-23 19:01:37,279 - werkzeug - INFO - 127.0.0.1 - - [23/Oct/2025 19:01:37] "POST /api/applications/details HTTP/1.1" 200 -
2025-10-23 19:01:37,301 - __main__ - INFO - === get_applications_details: 20 IDs ===
2025-10-23 19:01:37,301 - __main__ - INFO - Запрос деталей для 20 откликов
2025-10-23 19:01:37,357 - urllib3.connectionpool - DEBUG - https://api.avito.ru:443 "POST /job/v1/applications/get_by_ids HTTP/1.1" 200 None
2025-10-23 19:01:37,358 - __main__ - INFO - Response status: 200
2025-10-23 19:01:37,358 - __main__ - INFO - Response text: {"applies":[{"applicant":{"data":{"birthday":"1996-05-22","citizenship":"Россия","gender":"Мужской","name":"Жорин денис"},"id":"216713051","resume_id":"7672095273"},"contacts":{"chat":{"value":"u2i-aWbRpdJdDWhGZi3NVdtkVg"},"phones":[{"status":null,"value":"79277593861"}]},"created_at":"2025-10-19T22:36:00.91983+03:00","employee_id":null,"enriched_properties":{"age":{"matching_status":"matched","value":29},"citizenship":{"matching_status":"no_criteria","value":"rus"},"full_name":{"matching_status
2025-10-23 19:01:37,358 - __main__ - INFO - Response keys: dict_keys(['applies'])
2025-10-23 19:01:37,358 - __main__ - INFO - Получено откликов с деталями: 20
2025-10-23 19:01:37,364 - __main__ - INFO - Сохранено в БД: 20 откликов
2025-10-23 19:01:37,366 - werkzeug - INFO - 127.0.0.1 - - [23/Oct/2025 19:01:37] "POST /api/applications/details HTTP/1.1" 200 -
2025-10-23 19:01:37,596 - __main__ - INFO - === get_applications_details: 20 IDs ===
2025-10-23 19:01:37,596 - __main__ - INFO - Запрос деталей для 20 откликов
2025-10-23 19:01:37,644 - urllib3.connectionpool - DEBUG - https://api.avito.ru:443 "POST /job/v1/applications/get_by_ids HTTP/1.1" 200 None
2025-10-23 19:01:37,644 - __main__ - INFO - Response status: 200
2025-10-23 19:01:37,645 - __main__ - INFO - Response text: {"applies":[{"applicant":{"data":{"birthday":"1975-10-25","citizenship":"Россия","education":"Среднее специальное","gender":"Мужской","name":"Суртаев Денис Владимирович"},"id":"352134602","resume_id":"3783867266"},"contacts":{"chat":{"value":"u2i-eUUKlIz3sjG1NqVB5VTn3w"},"phones":[{"status":null,"value":"79236618534"}]},"created_at":"2025-10-15T17:14:50.184461+03:00","employee_id":null,"enriched_properties":{"age":{"matching_status":"mismatched","value":49},"citizenship":{"matching_status":"no_c
2025-10-23 19:01:37,645 - __main__ - INFO - Response keys: dict_keys(['applies'])
2025-10-23 19:01:37,646 - __main__ - INFO - Получено откликов с деталями: 20
2025-10-23 19:01:37,655 - __main__ - INFO - Сохранено в БД: 20 откликов
2025-10-23 19:01:37,656 - werkzeug - INFO - 127.0.0.1 - - [23/Oct/2025 19:01:37] "POST /api/applications/details HTTP/1.1" 200 -
2025-10-23 19:01:37,681 - __main__ - INFO - === get_applications_details: 20 IDs ===
2025-10-23 19:01:37,681 - __main__ - INFO - Запрос деталей для 20 откликов
2025-10-23 19:01:37,736 - urllib3.connectionpool - DEBUG - https://api.avito.ru:443 "POST /job/v1/applications/get_by_ids HTTP/1.1" 200 None
2025-10-23 19:01:37,736 - __main__ - INFO - Response status: 200
2025-10-23 19:01:37,737 - __main__ - INFO - Response text: {"applies":[{"applicant":{"data":{"birthday":"1992-02-09","citizenship":"rus","name":"Аникеев Иван Георгиевич"},"id":"416124713"},"contacts":{"chat":{"value":"u2i-4u4VwKYQi6uS52Xos7c_kw"},"phones":[{"status":null,"value":"79125523160"}]},"created_at":"2025-10-15T14:44:28.643468+03:00","employee_id":null,"enriched_properties":{"age":{"matching_status":"mismatched","value":33},"citizenship":{"matching_status":"no_criteria","value":"rus"},"full_name":{"matching_status":"no_criteria","value":"Иван Г
2025-10-23 19:01:37,737 - __main__ - INFO - Response keys: dict_keys(['applies'])
2025-10-23 19:01:37,737 - __main__ - INFO - Получено откликов с деталями: 20
2025-10-23 19:01:37,743 - __main__ - INFO - Сохранено в БД: 20 откликов
2025-10-23 19:01:37,743 - werkzeug - INFO - 127.0.0.1 - - [23/Oct/2025 19:01:37] "POST /api/applications/details HTTP/1.1" 200 -
2025-10-23 19:01:37,975 - __main__ - INFO - === get_applications_details: 20 IDs ===
2025-10-23 19:01:37,975 - __main__ - INFO - Запрос деталей для 20 откликов
2025-10-23 19:01:38,028 - urllib3.connectionpool - DEBUG - https://api.avito.ru:443 "POST /job/v1/applications/get_by_ids HTTP/1.1" 200 None
2025-10-23 19:01:38,028 - __main__ - INFO - Response status: 200
2025-10-23 19:01:38,029 - __main__ - INFO - Response text: {"applies":[{"applicant":{"data":{"birthday":"1986-09-18","citizenship":"Россия","education":"Высшее","gender":"Мужской","name":"Андреев Виктор Викторович"},"id":"346858515","resume_id":"7696735938"},"contacts":{"chat":{"value":"u2i-aSyKilDIRHWR3UIrdAKcQg"},"phones":[{"status":null,"value":"79064778974"}]},"created_at":"2025-10-15T11:34:58.221616+03:00","employee_id":null,"enriched_properties":{"age":{"matching_status":"mismatched","value":39},"citizenship":{"matching_status":"no_criteria","valu
2025-10-23 19:01:38,029 - __main__ - INFO - Response keys: dict_keys(['applies'])
2025-10-23 19:01:38,029 - __main__ - INFO - Получено откликов с деталями: 20
2025-10-23 19:01:38,036 - __main__ - INFO - Сохранено в БД: 20 откликов
2025-10-23 19:01:38,037 - werkzeug - INFO - 127.0.0.1 - - [23/Oct/2025 19:01:38] "POST /api/applications/details HTTP/1.1" 200 -
2025-10-23 19:01:38,050 - __main__ - INFO - === get_applications_details: 20 IDs ===
2025-10-23 19:01:38,051 - __main__ - INFO - Запрос деталей для 20 откликов
2025-10-23 19:01:38,238 - urllib3.connectionpool - DEBUG - https://api.avito.ru:443 "POST /job/v1/applications/get_by_ids HTTP/1.1" 200 None
2025-10-23 19:01:38,239 - __main__ - INFO - Response status: 200
2025-10-23 19:01:38,239 - __main__ - INFO - Response text: {"applies":[{"applicant":{"data":{"birthday":"1998-07-29","citizenship":"Россия","education":"Среднее специальное","gender":"Мужской","name":"Агба Карней Руслановч"},"id":"205928861","resume_id":"7546858258"},"contacts":{"chat":{"value":"u2i-HNMcAry3M0Yr6N1qPhpKZA"},"phones":[{"status":null,"value":"79623835577"}]},"created_at":"2025-10-15T09:54:32.056644+03:00","employee_id":null,"enriched_properties":{"age":{"matching_status":"matched","value":27},"citizenship":{"matching_status":"no_criteria"
2025-10-23 19:01:38,240 - __main__ - INFO - Response keys: dict_keys(['applies'])
2025-10-23 19:01:38,240 - __main__ - INFO - Получено откликов с деталями: 20
2025-10-23 19:01:38,246 - __main__ - INFO - Сохранено в БД: 20 откликов
2025-10-23 19:01:38,247 - werkzeug - INFO - 127.0.0.1 - - [23/Oct/2025 19:01:38] "POST /api/applications/details HTTP/1.1" 200 -
2025-10-23 19:01:38,348 - __main__ - INFO - === get_applications_details: 20 IDs ===
2025-10-23 19:01:38,349 - __main__ - INFO - Запрос деталей для 20 откликов
2025-10-23 19:01:38,400 - urllib3.connectionpool - DEBUG - https://api.avito.ru:443 "POST /job/v1/applications/get_by_ids HTTP/1.1" 200 None
2025-10-23 19:01:38,401 - __main__ - INFO - Response status: 200
2025-10-23 19:01:38,401 - __main__ - INFO - Response text: {"applies":[{"applicant":{"data":{"citizenship":"rus","name":"Марк Хант"},"id":"369430937"},"contacts":{"chat":{"value":"u2i-4c4YcCUnPN0zMCXcKGTLYQ"},"phones":[{"status":null,"value":"79220621096"}]},"created_at":"2025-10-15T07:25:39.545241+03:00","employee_id":null,"enriched_properties":{"citizenship":{"matching_status":"no_criteria","value":"rus"},"phone":{"matching_status":"no_criteria","value":"+79220621096"},"status":"not_completed"},"id":"68ef224457335926a737ed34","is_viewed":true,"negotia
2025-10-23 19:01:38,401 - __main__ - INFO - Response keys: dict_keys(['applies'])
2025-10-23 19:01:38,402 - __main__ - INFO - Получено откликов с деталями: 20
2025-10-23 19:01:38,407 - __main__ - INFO - Сохранено в БД: 20 откликов
2025-10-23 19:01:38,408 - werkzeug - INFO - 127.0.0.1 - - [23/Oct/2025 19:01:38] "POST /api/applications/details HTTP/1.1" 200 -
2025-10-23 19:01:38,564 - __main__ - INFO - === get_applications_details: 20 IDs ===
2025-10-23 19:01:38,564 - __main__ - INFO - Запрос деталей для 20 откликов
2025-10-23 19:01:38,769 - urllib3.connectionpool - DEBUG - https://api.avito.ru:443 "POST /job/v1/applications/get_by_ids HTTP/1.1" 200 None
2025-10-23 19:01:38,769 - __main__ - INFO - Response status: 200
2025-10-23 19:01:38,769 - __main__ - INFO - Response text: {"applies":[{"applicant":{"data":{"birthday":"1977-02-02","citizenship":"rus","name":"Фроленко Андрей Анатольевич"},"id":"228366446"},"contacts":{"chat":{"value":"u2i-EULO~W8cXt2ODBuuUrYTZQ"},"phones":[{"status":null,"value":"79529967542"}]},"created_at":"2025-10-15T01:29:05.763393+03:00","employee_id":null,"enriched_properties":{"age":{"matching_status":"mismatched","value":48},"citizenship":{"matching_status":"no_criteria","value":"rus"},"full_name":{"matching_status":"no_criteria","value":"Фр
2025-10-23 19:01:38,770 - __main__ - INFO - Response keys: dict_keys(['applies'])
2025-10-23 19:01:38,770 - __main__ - INFO - Получено откликов с деталями: 20
2025-10-23 19:01:38,778 - __main__ - INFO - Сохранено в БД: 20 откликов
2025-10-23 19:01:38,779 - werkzeug - INFO - 127.0.0.1 - - [23/Oct/2025 19:01:38] "POST /api/applications/details HTTP/1.1" 200 -
2025-10-23 19:01:38,784 - __main__ - INFO - === get_applications_details: 20 IDs ===
2025-10-23 19:01:38,784 - __main__ - INFO - Запрос деталей для 20 откликов
2025-10-23 19:01:38,858 - urllib3.connectionpool - DEBUG - https://api.avito.ru:443 "POST /job/v1/applications/get_by_ids HTTP/1.1" 200 None
2025-10-23 19:01:38,859 - __main__ - INFO - Response status: 200
2025-10-23 19:01:38,859 - __main__ - INFO - Response text: {"applies":[{"applicant":{"data":{"birthday":"1988-02-11","citizenship":"Россия","education":"Среднее специальное","gender":"Мужской","name":"Крылов Павел Олегович"},"id":"190708447","resume_id":"7708349304"},"contacts":{"chat":{"value":"u2i-J7eXETqxqmZuzCWqH87L5g"},"phones":[{"status":null,"value":"79635323476"}]},"created_at":"2025-10-14T15:24:04.73313+03:00","employee_id":null,"enriched_properties":{"age":{"matching_status":"matched","value":37},"citizenship":{"matching_status":"no_criteria",
2025-10-23 19:01:38,859 - __main__ - INFO - Response keys: dict_keys(['applies'])
2025-10-23 19:01:38,860 - __main__ - INFO - Получено откликов с деталями: 20
2025-10-23 19:01:38,866 - __main__ - INFO - Сохранено в БД: 20 откликов
2025-10-23 19:01:38,867 - werkzeug - INFO - 127.0.0.1 - - [23/Oct/2025 19:01:38] "POST /api/applications/details HTTP/1.1" 200 -
2025-10-23 19:01:39,180 - __main__ - INFO - === get_applications_details: 20 IDs ===
2025-10-23 19:01:39,180 - __main__ - INFO - Запрос деталей для 20 откликов
2025-10-23 19:01:39,237 - urllib3.connectionpool - DEBUG - https://api.avito.ru:443 "POST /job/v1/applications/get_by_ids HTTP/1.1" 200 None
2025-10-23 19:01:39,238 - __main__ - INFO - Response status: 200
2025-10-23 19:01:39,238 - __main__ - INFO - Response text: {"applies":[{"applicant":{"data":{"birthday":"1991-05-20","citizenship":"Россия","gender":"Мужской","name":"Дюков Иван Александрович"},"id":"213319184","resume_id":"7789187590"},"contacts":{"chat":{"value":"u2i-v_QlHM~pjEfxFn_WlcIaRQ"},"phones":[{"status":null,"value":"79029644971"}]},"created_at":"2025-10-14T02:15:33.118682+03:00","employee_id":null,"enriched_properties":{"age":{"matching_status":"matched","value":34},"citizenship":{"matching_status":"no_criteria","value":"rus"},"full_name":{"m
2025-10-23 19:01:39,239 - __main__ - INFO - Response keys: dict_keys(['applies'])
2025-10-23 19:01:39,239 - __main__ - INFO - Получено откликов с деталями: 20
2025-10-23 19:01:39,245 - __main__ - INFO - Сохранено в БД: 20 откликов
2025-10-23 19:01:39,246 - werkzeug - INFO - 127.0.0.1 - - [23/Oct/2025 19:01:39] "POST /api/applications/details HTTP/1.1" 200 -
2025-10-23 19:01:39,431 - __main__ - INFO - === get_applications_details: 20 IDs ===
2025-10-23 19:01:39,431 - __main__ - INFO - Запрос деталей для 20 откликов
2025-10-23 19:01:39,489 - urllib3.connectionpool - DEBUG - https://api.avito.ru:443 "POST /job/v1/applications/get_by_ids HTTP/1.1" 200 None
2025-10-23 19:01:39,490 - __main__ - INFO - Response status: 200
2025-10-23 19:01:39,490 - __main__ - INFO - Response text: {"applies":[{"applicant":{"data":{"birthday":"1996-03-11","citizenship":"rus","name":"Сапрыкин Александр витальевичь"},"id":"410501953"},"contacts":{"chat":{"value":"u2i-LphleRWmVtvdS8~u_2nYYg"},"phones":[{"status":null,"value":"79842971006"}]},"created_at":"2025-10-13T04:33:17.048353+03:00","employee_id":null,"enriched_properties":{"age":{"matching_status":"mismatched","value":29},"citizenship":{"matching_status":"no_criteria","value":"rus"},"full_name":{"matching_status":"no_criteria","value":
2025-10-23 19:01:39,490 - __main__ - INFO - Response keys: dict_keys(['applies'])
2025-10-23 19:01:39,491 - __main__ - INFO - Получено откликов с деталями: 20
2025-10-23 19:01:39,500 - __main__ - INFO - Сохранено в БД: 20 откликов
2025-10-23 19:01:39,500 - werkzeug - INFO - 127.0.0.1 - - [23/Oct/2025 19:01:39] "POST /api/applications/details HTTP/1.1" 200 -
2025-10-23 19:01:39,565 - __main__ - INFO - === get_applications_details: 20 IDs ===
2025-10-23 19:01:39,566 - __main__ - INFO - Запрос деталей для 20 откликов
2025-10-23 19:01:39,628 - urllib3.connectionpool - DEBUG - https://api.avito.ru:443 "POST /job/v1/applications/get_by_ids HTTP/1.1" 200 None
2025-10-23 19:01:39,628 - __main__ - INFO - Response status: 200
2025-10-23 19:01:39,629 - __main__ - INFO - Response text: {"applies":[{"applicant":{"data":{"name":"Аргишт Минасян"},"id":"117223996"},"contacts":{"chat":{"value":"u2i-SHpPA4~TxXOrF_T_0pOipQ"},"phones":[{"status":null,"value":"79187032985"}]},"created_at":"2025-10-11T17:27:45.921134+03:00","employee_id":null,"enriched_properties":null,"id":"68ea696257335926a7aad26f","is_viewed":true,"negotiation_id":944650018,"price":{"bonus":0,"real":6900,"total":6900},"type":"by_phone","updated_at":"2025-10-13T04:52:54Z","vacancy_id":7666812567},{"applicant":{"data":
2025-10-23 19:01:39,630 - __main__ - INFO - Response keys: dict_keys(['applies'])
2025-10-23 19:01:39,630 - __main__ - INFO - Получено откликов с деталями: 20
2025-10-23 19:01:39,636 - __main__ - INFO - Сохранено в БД: 20 откликов
2025-10-23 19:01:39,637 - werkzeug - INFO - 127.0.0.1 - - [23/Oct/2025 19:01:39] "POST /api/applications/details HTTP/1.1" 200 -
2025-10-23 19:01:39,815 - __main__ - INFO - === get_applications_details: 20 IDs ===
2025-10-23 19:01:39,815 - __main__ - INFO - Запрос деталей для 20 откликов
2025-10-23 19:01:39,877 - urllib3.connectionpool - DEBUG - https://api.avito.ru:443 "POST /job/v1/applications/get_by_ids HTTP/1.1" 200 None
2025-10-23 19:01:39,881 - __main__ - INFO - Response status: 200
2025-10-23 19:01:39,882 - __main__ - INFO - Response text: {"applies":[{"applicant":{"data":{"birthday":"1998-11-30","citizenship":"Россия","gender":"Мужской","name":"Паткин Александр Алексеевич"},"id":"407566176","resume_id":"7645245288"},"contacts":{"chat":{"value":"u2i-FMDhUXSssKujD4LWdNMIfA"},"phones":[{"status":null,"value":"79189954945"}]},"created_at":"2025-10-11T00:26:01.586361+03:00","employee_id":null,"enriched_properties":{"age":{"matching_status":"mismatched","value":26},"citizenship":{"matching_status":"no_criteria","value":"rus"},"full_nam
2025-10-23 19:01:39,882 - __main__ - INFO - Response keys: dict_keys(['applies'])
2025-10-23 19:01:39,883 - __main__ - INFO - Получено откликов с деталями: 20
2025-10-23 19:01:39,891 - __main__ - INFO - Сохранено в БД: 20 откликов
2025-10-23 19:01:39,892 - werkzeug - INFO - 127.0.0.1 - - [23/Oct/2025 19:01:39] "POST /api/applications/details HTTP/1.1" 200 -
2025-10-23 19:01:39,948 - __main__ - INFO - === get_applications_details: 20 IDs ===
2025-10-23 19:01:39,948 - __main__ - INFO - Запрос деталей для 20 откликов
2025-10-23 19:01:40,001 - urllib3.connectionpool - DEBUG - https://api.avito.ru:443 "POST /job/v1/applications/get_by_ids HTTP/1.1" 200 None
2025-10-23 19:01:40,002 - __main__ - INFO - Response status: 200
2025-10-23 19:01:40,002 - __main__ - INFO - Response text: {"applies":[{"applicant":{"data":{"birthday":"1996-06-17","citizenship":"Россия","gender":"Мужской","name":"Пигольчук Василий Александрович"},"id":"408097951","resume_id":"7356058661"},"contacts":{"chat":{"value":"u2i-GNfJseDVZ4ps6_iLNLOS8Q"},"phones":[{"status":null,"value":"79123679087"}]},"created_at":"2025-10-09T16:51:34.085886+03:00","employee_id":null,"enriched_properties":{"age":{"matching_status":"mismatched","value":29},"citizenship":{"matching_status":"no_criteria","value":"rus"},"full
2025-10-23 19:01:40,002 - __main__ - INFO - Response keys: dict_keys(['applies'])
2025-10-23 19:01:40,003 - __main__ - INFO - Получено откликов с деталями: 20
2025-10-23 19:01:40,008 - __main__ - INFO - Сохранено в БД: 20 откликов
2025-10-23 19:01:40,009 - werkzeug - INFO - 127.0.0.1 - - [23/Oct/2025 19:01:40] "POST /api/applications/details HTTP/1.1" 200 -
2025-10-23 19:01:40,214 - __main__ - INFO - === get_applications_details: 20 IDs ===
2025-10-23 19:01:40,214 - __main__ - INFO - Запрос деталей для 20 откликов
2025-10-23 19:01:40,263 - urllib3.connectionpool - DEBUG - https://api.avito.ru:443 "POST /job/v1/applications/get_by_ids HTTP/1.1" 200 None
2025-10-23 19:01:40,263 - __main__ - INFO - Response status: 200
2025-10-23 19:01:40,264 - __main__ - INFO - Response text: {"applies":[{"applicant":{"data":{"birthday":"2001-02-26","citizenship":"rus","name":"Асадуллин Ильнур венерович"},"id":"220921475"},"contacts":{"chat":{"value":"u2i-kNkUqfvhi59w0V5N3pPBwg"},"phones":[{"status":null,"value":"79179676455"}]},"created_at":"2025-10-07T21:17:07.588307+03:00","employee_id":null,"enriched_properties":{"age":{"matching_status":"matched","value":24},"citizenship":{"matching_status":"no_criteria","value":"rus"},"full_name":{"matching_status":"no_criteria","value":"Асадул
2025-10-23 19:01:40,264 - __main__ - INFO - Response keys: dict_keys(['applies'])
2025-10-23 19:01:40,264 - __main__ - INFO - Получено откликов с деталями: 20
2025-10-23 19:01:40,274 - __main__ - INFO - Сохранено в БД: 20 откликов
2025-10-23 19:01:40,275 - werkzeug - INFO - 127.0.0.1 - - [23/Oct/2025 19:01:40] "POST /api/applications/details HTTP/1.1" 200 -
2025-10-23 19:01:40,316 - __main__ - INFO - === get_applications_details: 20 IDs ===
2025-10-23 19:01:40,317 - __main__ - INFO - Запрос деталей для 20 откликов
2025-10-23 19:01:40,369 - urllib3.connectionpool - DEBUG - https://api.avito.ru:443 "POST /job/v1/applications/get_by_ids HTTP/1.1" 200 None
2025-10-23 19:01:40,370 - __main__ - INFO - Response status: 200
2025-10-23 19:01:40,370 - __main__ - INFO - Response text: {"applies":[{"applicant":{"data":{"birthday":"2005-09-27","citizenship":"Россия","gender":"Мужской","name":"Перетокин Александр Валентинович"},"id":"379657051","resume_id":"7704797421"},"contacts":{"chat":{"value":"u2i-M57POSzUFAf~9VsR~f63mg"},"phones":[{"status":null,"value":"79940081463"}]},"created_at":"2025-10-06T17:57:32.108805+03:00","employee_id":null,"enriched_properties":{"age":{"matching_status":"matched","value":20},"citizenship":{"matching_status":"no_criteria","value":"rus"},"full_n
2025-10-23 19:01:40,370 - __main__ - INFO - Response keys: dict_keys(['applies'])
2025-10-23 19:01:40,371 - __main__ - INFO - Получено откликов с деталями: 20
2025-10-23 19:01:40,376 - __main__ - INFO - Сохранено в БД: 20 откликов
2025-10-23 19:01:40,376 - werkzeug - INFO - 127.0.0.1 - - [23/Oct/2025 19:01:40] "POST /api/applications/details HTTP/1.1" 200 -
2025-10-23 19:01:40,596 - __main__ - INFO - === get_applications_details: 20 IDs ===
2025-10-23 19:01:40,596 - __main__ - INFO - Запрос деталей для 20 откликов
2025-10-23 19:01:40,645 - urllib3.connectionpool - DEBUG - https://api.avito.ru:443 "POST /job/v1/applications/get_by_ids HTTP/1.1" 200 None
2025-10-23 19:01:40,646 - __main__ - INFO - Response status: 200
2025-10-23 19:01:40,646 - __main__ - INFO - Response text: {"applies":[{"applicant":{"data":{"birthday":"1990-11-19","citizenship":"Казахстан","education":"Среднее специальное","gender":"Мужской","name":"Костяников Андрей Викторович"},"id":"418941687","resume_id":"7636870329"},"contacts":{"chat":{"value":"u2i-v8eiMNJty6Oh0kApFIRkhw"},"phones":[{"status":null,"value":"79137099582"}]},"created_at":"2025-10-05T06:08:12.206383+03:00","employee_id":null,"enriched_properties":{"age":{"matching_status":"mismatched","value":34},"citizenship":{"matching_status":
2025-10-23 19:01:40,647 - __main__ - INFO - Response keys: dict_keys(['applies'])
2025-10-23 19:01:40,647 - __main__ - INFO - Получено откликов с деталями: 20
2025-10-23 19:01:40,653 - __main__ - INFO - Сохранено в БД: 20 откликов
2025-10-23 19:01:40,654 - werkzeug - INFO - 127.0.0.1 - - [23/Oct/2025 19:01:40] "POST /api/applications/details HTTP/1.1" 200 -
2025-10-23 19:01:40,699 - __main__ - INFO - === get_applications_details: 20 IDs ===
2025-10-23 19:01:40,699 - __main__ - INFO - Запрос деталей для 20 откликов
2025-10-23 19:01:40,750 - urllib3.connectionpool - DEBUG - https://api.avito.ru:443 "POST /job/v1/applications/get_by_ids HTTP/1.1" 200 None
2025-10-23 19:01:40,751 - __main__ - INFO - Response status: 200
2025-10-23 19:01:40,751 - __main__ - INFO - Response text: {"applies":[{"applicant":{"data":{"birthday":"2004-04-12","citizenship":"Россия","gender":"Мужской","name":"Фогель Станислав Витальевич"},"id":"391655020","resume_id":"4618451546"},"contacts":{"chat":{"value":"u2i-vh432fUx5jyf_RL8jKpguA"},"phones":[{"status":null,"value":"79130820961"}]},"created_at":"2025-10-04T08:40:15.423326+03:00","employee_id":null,"enriched_properties":{"age":{"matching_status":"matched","value":21},"citizenship":{"matching_status":"no_criteria","value":"rus"},"full_name":
2025-10-23 19:01:40,751 - __main__ - INFO - Response keys: dict_keys(['applies'])
2025-10-23 19:01:40,752 - __main__ - INFO - Получено откликов с деталями: 20
2025-10-23 19:01:40,756 - __main__ - INFO - Сохранено в БД: 20 откликов
2025-10-23 19:01:40,757 - werkzeug - INFO - 127.0.0.1 - - [23/Oct/2025 19:01:40] "POST /api/applications/details HTTP/1.1" 200 -
2025-10-23 19:01:40,964 - __main__ - INFO - === get_applications_details: 20 IDs ===
2025-10-23 19:01:40,965 - __main__ - INFO - Запрос деталей для 20 откликов
2025-10-23 19:01:41,017 - urllib3.connectionpool - DEBUG - https://api.avito.ru:443 "POST /job/v1/applications/get_by_ids HTTP/1.1" 200 None
2025-10-23 19:01:41,017 - __main__ - INFO - Response status: 200
2025-10-23 19:01:41,018 - __main__ - INFO - Response text: {"applies":[{"applicant":{"data":{"birthday":"1988-09-09","citizenship":"rus","name":"алексей александрович фадеев"},"id":"71800961"},"contacts":{"chat":{"value":"u2i-ku~MxsaKnDEYmquST6wemg"},"phones":[{"status":null,"value":"79538018353"}]},"created_at":"2025-10-03T10:28:24.002604+03:00","employee_id":null,"enriched_properties":{"age":{"matching_status":"mismatched","value":37},"citizenship":{"matching_status":"no_criteria","value":"rus"},"full_name":{"matching_status":"no_criteria","value":"ал
2025-10-23 19:01:41,018 - __main__ - INFO - Response keys: dict_keys(['applies'])
2025-10-23 19:01:41,018 - __main__ - INFO - Получено откликов с деталями: 20
2025-10-23 19:01:41,023 - __main__ - INFO - Сохранено в БД: 20 откликов
2025-10-23 19:01:41,024 - werkzeug - INFO - 127.0.0.1 - - [23/Oct/2025 19:01:41] "POST /api/applications/details HTTP/1.1" 200 -
2025-10-23 19:01:41,065 - __main__ - INFO - === get_applications_details: 20 IDs ===
2025-10-23 19:01:41,065 - __main__ - INFO - Запрос деталей для 20 откликов
2025-10-23 19:01:41,114 - urllib3.connectionpool - DEBUG - https://api.avito.ru:443 "POST /job/v1/applications/get_by_ids HTTP/1.1" 200 None
2025-10-23 19:01:41,115 - __main__ - INFO - Response status: 200
2025-10-23 19:01:41,115 - __main__ - INFO - Response text: {"applies":[{"applicant":{"data":{"birthday":"1982-04-01","citizenship":"Россия","gender":"Мужской","name":"Крючков Сергей Владимирович"},"id":"420407729","resume_id":"7662529038"},"contacts":{"chat":{"value":"u2i-Ct37I_LmcNJRvGD5oW0Ajw"},"phones":[{"status":null,"value":"79539386636"}]},"created_at":"2025-10-02T18:33:41.64674+03:00","employee_id":null,"enriched_properties":{"age":{"matching_status":"mismatched","value":43},"citizenship":{"matching_status":"no_criteria","value":"rus"},"full_name
2025-10-23 19:01:41,116 - __main__ - INFO - Response keys: dict_keys(['applies'])
2025-10-23 19:01:41,116 - __main__ - INFO - Получено откликов с деталями: 20
2025-10-23 19:01:41,122 - __main__ - INFO - Сохранено в БД: 20 откликов
2025-10-23 19:01:41,122 - werkzeug - INFO - 127.0.0.1 - - [23/Oct/2025 19:01:41] "POST /api/applications/details HTTP/1.1" 200 -
2025-10-23 19:01:41,331 - __main__ - INFO - === get_applications_details: 20 IDs ===
2025-10-23 19:01:41,331 - __main__ - INFO - Запрос деталей для 20 откликов
2025-10-23 19:01:41,386 - urllib3.connectionpool - DEBUG - https://api.avito.ru:443 "POST /job/v1/applications/get_by_ids HTTP/1.1" 200 None
2025-10-23 19:01:41,387 - __main__ - INFO - Response status: 200
2025-10-23 19:01:41,387 - __main__ - INFO - Response text: {"applies":[{"applicant":{"data":{"name":"Суриков Михаил Михайлович"},"id":"414530279"},"contacts":{"chat":{"value":"u2i-gKKwzGIflRgfxFv1vyuvkQ"},"phones":[{"status":null,"value":"79212294374"}]},"created_at":"2025-09-30T15:39:04.804963+03:00","employee_id":null,"enriched_properties":null,"id":"68dbcf692c1693c1b66e887f","is_viewed":true,"negotiation_id":937036905,"price":{"bonus":0,"real":8000,"total":8000},"type":"by_phone","updated_at":"2025-09-30T12:44:51Z","vacancy_id":7634454163},{"applican
2025-10-23 19:01:41,388 - __main__ - INFO - Response keys: dict_keys(['applies'])
2025-10-23 19:01:41,388 - __main__ - INFO - Получено откликов с деталями: 20
2025-10-23 19:01:41,397 - __main__ - INFO - Сохранено в БД: 20 откликов
2025-10-23 19:01:41,398 - werkzeug - INFO - 127.0.0.1 - - [23/Oct/2025 19:01:41] "POST /api/applications/details HTTP/1.1" 200 -
2025-10-23 19:01:41,431 - __main__ - INFO - === get_applications_details: 6 IDs ===
2025-10-23 19:01:41,431 - __main__ - INFO - Запрос деталей для 6 откликов
2025-10-23 19:01:41,479 - urllib3.connectionpool - DEBUG - https://api.avito.ru:443 "POST /job/v1/applications/get_by_ids HTTP/1.1" 200 None
2025-10-23 19:01:41,480 - __main__ - INFO - Response status: 200
2025-10-23 19:01:41,480 - __main__ - INFO - Response text: {"applies":[{"applicant":{"data":{"birthday":"1993-08-14","citizenship":"rus","name":"Владимир Геннадьевич Брилкин"},"id":"400490875"},"contacts":{"chat":{"value":"u2i-97oFXOI5oGPAMK2GfmLLrg"},"phones":[{"status":null,"value":"79516155285"}]},"created_at":"2025-09-01T16:50:42.743454+03:00","employee_id":null,"enriched_properties":{"age":{"matching_status":"mismatched","value":32},"citizenship":{"matching_status":"matched","value":"rus"},"full_name":{"matching_status":"no_criteria","value":"Влади
2025-10-23 19:01:41,480 - __main__ - INFO - Response keys: dict_keys(['applies'])
2025-10-23 19:01:41,481 - __main__ - INFO - Получено откликов с деталями: 6
2025-10-23 19:01:41,486 - __main__ - INFO - Сохранено в БД: 6 откликов
2025-10-23 19:01:41,486 - werkzeug - INFO - 127.0.0.1 - - [23/Oct/2025 19:01:41] "POST /api/applications/details HTTP/1.1" 200 -
2025-10-23 19:02:03,583 - __main__ - INFO - === get_job_applications: days=7, limit=100 ===
2025-10-23 19:02:03,583 - __main__ - INFO - Запрос откликов с датой: 2025-10-16
2025-10-23 19:02:03,585 - werkzeug - INFO - 127.0.0.1 - - [23/Oct/2025 19:02:03] "GET /api/auto-reply/status HTTP/1.1" 200 -
2025-10-23 19:02:03,590 - werkzeug - INFO - 127.0.0.1 - - [23/Oct/2025 19:02:03] "[35m[1mGET /api/balance HTTP/1.1[0m" 500 -
2025-10-23 19:02:03,593 - urllib3.connectionpool - DEBUG - Starting new HTTPS connection (5): api.avito.ru:443
2025-10-23 19:02:04,603 - urllib3.connectionpool - DEBUG - https://api.avito.ru:443 "GET /job/v1/applications/get_ids?limit=100&updatedAtFrom=2025-10-16 HTTP/1.1" 200 None
2025-10-23 19:02:04,603 - __main__ - INFO - Response type: <class 'requests.models.Response'>
2025-10-23 19:02:04,604 - __main__ - INFO - Status code: 200
2025-10-23 19:02:04,604 - __main__ - INFO - Response text: {"applies":[{"created_at":"2025-10-23T16:18:17.701491+03:00","id":"68fa2b1a57335926a7446657","updated_at":"2025-10-23T13:38:12Z"},{"created_at":"2025-10-23T10:54:13.201817+03:00","id":"68f9df2557335926a7ea82e3","updated_at":"2025-10-23T10:31:58Z"},{"created_at":"2025-10-23T10:16:09.808908+03:00","id":"68f9d63a57335926a7a63d00","updated_at":"2025-10-23T09:25:44Z"},{"created_at":"2025-10-22T23:04:26.619384+03:00","id":"68f938cc57335926a7acbcbb","updated_at":"2025-10-23T09:39:45Z"},{"created_at":"2
2025-10-23 19:02:04,604 - __main__ - INFO - Response JSON keys: dict_keys(['applies'])
2025-10-23 19:02:04,604 - __main__ - INFO - Найдено откликов: 100
2025-10-23 19:02:04,604 - __main__ - INFO - IDs откликов: ['68fa2b1a57335926a7446657', '68f9df2557335926a7ea82e3', '68f9d63a57335926a7a63d00', '68f938cc57335926a7acbcbb', '68f91f7957335926a725811e']...
2025-10-23 19:02:04,605 - werkzeug - INFO - 127.0.0.1 - - [23/Oct/2025 19:02:04] "GET /api/applications?days=7&limit=100 HTTP/1.1" 200 -
